"ballot_measure_id","support_oppose","text_of_argument","author","source","date_created"
"28009","Support","""We now have an opportunity through this cooperatively negotiated amendment to place Mount Van Hoevenberg in the same status. This amendment is intended to protect the integrity of the Forest Preserve by constitutionally authorizing the historic use of this Forest Preserve land to support world-class Nordic skiing and biathlon training and competition, as well as recreational Nordic skiing and other recreational uses.""","ORDA spokesperson Darcy Norfolk","https://www.yahoo.com/news/van-ho-may-statewide-vote-035900193.html","2025-06-17"
"28009","Support","""We now have an opportunity through this cooperatively negotiated amendment to place Mount Van Hoevenberg in the same status. This amendment is intended to protect the integrity of the Forest Preserve by constitutionally authorizing the historic use of this Forest Preserve land to support world-class Nordic skiing and biathlon training and competition, as well as recreational Nordic skiing and other recreational uses.""","ORDA spokesperson Darcy Norfolk","https://www.yahoo.com/news/van-ho-may-statewide-vote-035900193.html","2025-06-17"
"28009","Support","""Even though this Constitutional Amendment is being passed ‘after-the-fact’, it remedies the past violations of Article 14, Section 1, and it lays out the parameters for future management of Mount Van Hoevenberg ... At all three of these ski areas, the state is allowed to build and operate facilities that would otherwise be prohibited on the Forest Preserve, subject to specific limits in the constitutional amendments. Since taking over the management of these facilities, ORDA has successfully operated them within the bounds set by these amendments. However, the nonconforming state facilities at Mt. Van Hoevenberg are not expressly authorized, nor are they subject to constitutional limits, like the other three facilities. This proposed amendment would help to right historical wrongs.""","Protect the Adirondacks","https://www.protectadks.org/constitutional-amendment-for-the-mount-van-hoevenberg-winter-sports-complex-is-poised-for-second-passage/","2025-06-17"
"28009","Support","""Even though this Constitutional Amendment is being passed ‘after-the-fact’, it remedies the past violations of Article 14, Section 1, and it lays out the parameters for future management of Mount Van Hoevenberg ... At all three of these ski areas, the state is allowed to build and operate facilities that would otherwise be prohibited on the Forest Preserve, subject to specific limits in the constitutional amendments. Since taking over the management of these facilities, ORDA has successfully operated them within the bounds set by these amendments. However, the nonconforming state facilities at Mt. Van Hoevenberg are not expressly authorized, nor are they subject to constitutional limits, like the other three facilities. This proposed amendment would help to right historical wrongs.""","Protect the Adirondacks","https://www.protectadks.org/constitutional-amendment-for-the-mount-van-hoevenberg-winter-sports-complex-is-poised-for-second-passage/","2025-06-17"
"28022","Support","""Incorporation is a smart move that will enhance regional collaboration, empowering San Tan Valley residents to shape their community according to their unique needs, values, and aspirations.""","Former Mesa Mayor John Giles","https://x.com/tahudgins/status/1825739611928408166?ref_src=twsrc%5Etfw%7Ctwcamp%5Etweetembed%7Ctwterm%5E1825739611928408166%7Ctwgr%5E1f86dcc74ec580da08e3f962c76f37f3c26a28a1%7Ctwcon%5Es1_&ref_url=https%3A%2F%2Fktar.com%2Farizona-news%2Fsan-tan-valley-incorporation-arizona%2F5629916%2F","2025-07-15"
"28022","Support","""As someone who has fought for transparency and fiscal responsibility in Phoenix, I can tell you this: it makes zero sense for San Tan Valley residents to send over $10 Million of their tax dollars every year to a city that’s miles away and doesn’t represent them. That money should be building your roads, your parks, and your families – not funding the politics and priorities of Phoenix. It’s time for San Tan Valley to invest in itself.""","Former Phoenix City Councilmember Sal DiCiccio","https://santanvalleyinc.com/","2025-07-15"
"28022","Support","""The status quo is that government is already getting all of your tax money and YOU ARE NOT. Incorporation creates an opportunity to retain 100% of our tax revenue locally. Currently, the tax revenue generated in San Tan Valley—estimated at $51.3 million to $65 million annually from state sales tax, state income tax, fees, and other sources—does not return to directly fund our neighborhoods, roads, or community needs. Instead, this revenue goes to the county or other cities and towns across the state. You are funding other projects and roads other residents get to drive on daily in their communities. Incorporation ensures that all of this money stays in our community, supporting local projects, infrastructure, and improvements that directly benefit San Tan Valley residents.""","San Tan Valley Inc.","https://santanvalleyinc.com/2025/04/myth-incorporation-is-just-a-way-for-the-government-to-take-more-money-from-residents/","2025-07-15"
"28073","Support","""This is about more than drawing lines on a map; it’s about drawing a line in the sand to stop Texas and Trump from rigging the election. This is about protecting the people of the Golden State, our democracy, and making sure voters have a say.""","Senate President Pro Tem Mike McGuire (D-2)","https://www.ocregister.com/2025/08/18/sacramento-snapshot-the-legislature-is-back-in-session-heres-what-were-watching/","2025-08-18"
"28073","Oppose","""It’s clearly a threat to democracy and representative government in California, unlike anything we’ve ever seen. California voters have very clearly expressed their will that we should not have gerrymandering, that drawing district lines should not be done by politicians.""","U.S. Rep. Kevin Kiley (R-3)","https://www.washingtonpost.com/politics/2025/08/18/california-texas-redistricting-congress/","2025-08-18"
"28073","Oppose","""Gavin Newsom’s latest stunt has nothing to do with Californians and everything to do with consolidating radical Democrat power, silencing California voters, and propping up his pathetic 2028 presidential pipe dream. Newsom’s made it clear: he’ll shred California’s Constitution and trample over democracy — running a cynical, self-serving playbook where Californians are an afterthought and power is the only priority.""","Christian Martinez, spokesperson for the National Republican Congressional Committee","https://apnews.com/article/california-newsom-redistricting-texas-trump-5ccb3de37f6d3ec803ac24ad363018fa","2025-08-19"
"28073","Support","""Donald Trump has unapologetically targeted California time and again over the past six months - targeting workers who power our economy, targeting California’s best in the world UC system, targeting the healthcare systems that Californians rely on when they get sick. Realizing how unpopular these actions are, Trump and Republicans now want to rig our democracy to guarantee they remain in power. We did not choose this fight, we do not want this fight, but with our democracy on the line, California cannot run away from this fight. Enough is enough. Trump and Republicans still have the chance to back away from their un-American power grab. California’s new maps will only go into effect if Republicans move forward with their reckless plans. As Californians, we do not bend the knee to those with authoritarian tendencies. If they don’t back down, California will fight back – and we will win.""","State Asm. Marc Berman (D-23)","https://goldrushcam.com/sierrasuntimes/index.php/news/local-news/70102-assemblymember-marc-berman-and-california-democrats-say-no-to-president-trump-and-texas-republicans#google_vignette","2025-08-19"
"28073","Support","""You don’t go into a fight where the other side has a machine gun and respond with a butter knife. The cost of this is a very small percentage compared to what is sort of at risk if we continue to allow a Congress in place that is really following the direction of an administration that’s aimed at punishing California.""","State Asm. Rick Chavez Zbur (D-51)","https://www.sacbee.com/news/politics-government/capitol-alert/article311584911.html","2025-08-19"
"28073","Oppose","""It’s about power. We know that it’s about power on both sides, rigging congressional districts to get partisan results. That’s what a gerrymander is. … You move forward fighting fire with fire, and what happens? You burn it all down. In this case, it affects our most fundamental American principle: representation.""","Assembly Minority Leader James Gallagher (R-3)","https://www.nytimes.com/2025/08/21/us/politics/california-newsom-redistricting-texas.html","2025-08-19"
"28073","Oppose","""Democratic politicians should seek to channel voter outrage at Texas Republicans’ efforts to game the system into election results. By doing so, they could flip hitherto unreachable seats currently held by Republicans and overcome the Texas gerrymander. But if Democratic politicians try to gerrymander California, then they lose the moral high ground. ... If our nation devolves into competing efforts to gerrymander, we will lose the ability to fight back against overreach by either party. Sadly, instead of focusing on flipping seats, Governor Newsom has chosen to undermine one of California’s most significant reforms.""","Charles T. Munger Jr.","https://www.nytimes.com/2025/09/02/opinion/gerrymander-democrats-california.html","2025-09-02"
"28073","Support","""California will not sit idle as Trump and his Republican lapdogs shred our country’s democracy before our very eyes. In just six months, Trump’s unchecked power has cost Americans billions and taken an ax to the greatest democracy we’ve ever known. This moment calls for urgency and action – that is what we are putting before voters this November, a chance to fight back against his anti-American ways.""","Gov. Gavin Newsom (D)","https://www.gov.ca.gov/2025/08/14/governor-newsom-launches-statewide-response-to-trump-rigging-texas-elections/","2025-09-02"
"28073","Oppose","""California voters have already said no to Prop 50. They did that when they put the Citizens Redistricting Commission on the ballot back in 2010 and passed it overwhelmingly. California voters believe that the power to draw district lines should reside with the people. It should not be given to politicians in Sacramento where they get to choose who their constituents are. Constituents should be choosing their representatives.""","Jessica Millan Patterson, former chairperson of the California Republican Party","https://www.kget.com/inside-california-politics/voters-already-said-no-former-california-gop-chair-leading-fight-against-prop-50/","2025-09-08"
"28073","Support","""Over the past several months, we have seen the Trump administration freeze funds for critical education programs, cut healthcare for millions of our students and their families, attempt to dismantle the Department of Education, and pass a new voucher program designed to destroy public education entirely. It is clear that we are also now facing an unprecedented power grab by Texas and other states to steal congressional seats and rig the 2026 election in favor of the current federal administration. This is a direct and urgent attack on our democracy. If this power grab goes unchecked, we will only see more drastic cuts to public education, healthcare, and other critical services and a further erosion of basic civil and human rights in our communities.""","David B. Goldberg, president of the California Teachers Association","https://www.gov.ca.gov/2025/08/14/governor-newsom-launches-statewide-response-to-trump-rigging-texas-elections/","2025-09-08"
"27548","Support","""For clarification, photo ID is already required by Wisconsin State Statute. But a ‘yes’ vote would amend the Wisconsin Constitution to include this requirement, which will further protect the integrity of the voting system from our leftist-activist WI Supreme Court.""","State Rep. Rob Kreibich (R-28)","https://www.wispolitics.com/2025/rob-kreibich-photo-id-protects-your-vote/","2025-02-05"
"27548","Support","""If we wait on something like this, then (the court) could rule that the photo ID is unconstitutional, and then it would be a harder time.""","Rep. Patrick Snyder (R-85)","https://www.wpr.org/news/wisconsin-legislature-constitution-voter-identification-ballot","2025-01-15"
"27548","Oppose","""A number of Wisconsin residents who have a disability don’t drive, they don’t have a driver’s license, they may not have other photo ID required to vote. Positioning the DMV as the primary place for Wisconsinites to get a photo ID increases barriers for a number of people.""","Lisa Hassenstab, the public policy manager at Disability Rights Wisconsin","https://www.wpr.org/news/wisconsin-legislature-constitution-voter-identification-ballot","2025-01-15"
"27548","Oppose","""If the proposed constitutional text is enacted as currently drafted, the legislature would be precluded from permitting additional categories of photo identification for voting purposes in the future, such as an ID for a federally recognized tribe outside of Wisconsin; an out-of-state driver’s license or identification card; employer IDs; a membership or organization ID; or municipal IDs. The permanency of a constitutional amendment also ties the hands of the legislature to respond to future advancements in technology as methods of identification evolve.""","ACLU of Wisconsin","https://docs.legis.wisconsin.gov/misc/lc/hearing_testimony_and_materials/2025/sjr2/sjr0002_2025_01_07.pdf","2025-01-15"
"27548","Support","""I don’t think there’s anything wrong with saying that (you have to) have something to identify who you are and that you’re really that person and that you’re eligible to vote.""","Sen. Van Wanggaard (R-21)","https://www.wpr.org/news/wisconsin-legislature-constitution-voter-identification-ballot","2025-01-15"
"27548","Oppose","""The amendment makes it clear: You can be a qualified elector and be deprived of your right to vote. Think about the implications of this. The Korean war veteran, in his 90s, disabled and living in Iron County, would clearly be a qualified elector. However, he’s homebound, his license has expired and therefore he does not have a valid ID. This patriot who fought for our country would be denied his right to vote under this Republican voter ID amendment.""","State Rep. Andrew Hysell (D-48)","https://captimes.com/opinion/guest-columns/opinion-right-to-vote-chipped-away-one-piece-at-a-time/article_9066d8d0-efc4-11ef-8b0c-330fab3b4748.html","2025-03-03"
"27548","Support","""This is about making sure that a rogue Court cannot strike down a common sense law that is supported by over 80% of Americans from across the political spectrum, so rather than trying to scare Wisconsinites with outlandish claims of voter suppression, and rather than assuming that Wisconsin voters are not smart enough to obtain an ID, I encourage our colleagues… to actually look at the data.""","State Rep. Amanda Nedweski (R-32)","https://wisconsinexaminer.com/2025/01/15/assembly-passes-voter-id-constitutional-amendment-proposal-now-it-goes-to-voters-in-april/","2025-03-11"
"27548","Oppose","""I think it's something that we have proven. It's already state law and my position is that we are essentially wasting everybody's time by adding this to the ballot. I think we've had five of these already, so it's a pattern and it's a politically motivated pattern.""","State Rep. Lee Snodgrass (D-52)","https://fox11online.com/news/election/wi-voters-face-constitutional-amendment-about-voter-id-on-april-ballot-league-of-women-voters-lee-snograss-dawn-smith-scott-krug-election-day-spring-election?photo=1","2025-03-18"
"27548","Support","""Let the legislators argue about the different details of it throughout the next few years or decades to figure out what the exceptions should be, what IDs we want to use. And that opens conversation for us to figure out exactly what the future of photo ID can be -- whether it's digital, whether we have different implementation of different IDs. That leaves it open for us to have that discussion.""","State Rep. Scott Krug (R-72)","https://fox11online.com/news/election/wi-voters-face-constitutional-amendment-about-voter-id-on-april-ballot-league-of-women-voters-lee-snograss-dawn-smith-scott-krug-election-day-spring-election?photo=1","2025-03-18"
"27945","Oppose","""Not all families need free meals. Given the economy, I have to ask: What are the must-haves versus want-to-haves? I don't believe the majority of Colorado's taxpayers will have the appetite for this this year.""","State Rep. Lori Garcia Sander (R-65)","https://www.coloradopolitics.com/education/colorado-universal-school-meals-funding-shortfall/article_a40ad95a-fb6c-11ef-bd24-5f5ee09ae139.html","2025-05-30"
"27945","Oppose","""Not all families need free meals. Given the economy, I have to ask: What are the must-haves versus want-to-haves? I don't believe the majority of Colorado's taxpayers will have the appetite for this this year.""","State Rep. Lori Garcia Sander (R-65)","https://www.coloradopolitics.com/education/colorado-universal-school-meals-funding-shortfall/article_a40ad95a-fb6c-11ef-bd24-5f5ee09ae139.html","2025-05-30"
"27945","Oppose","""Not all families need free meals. Given the economy, I have to ask: What are the must-haves versus want-to-haves? I don't believe the majority of Colorado's taxpayers will have the appetite for this this year.""","State Rep. Lori Garcia Sander (R-65)","https://www.coloradopolitics.com/education/colorado-universal-school-meals-funding-shortfall/article_a40ad95a-fb6c-11ef-bd24-5f5ee09ae139.html","2025-05-30"
"27945","Support","""Colorado children should never have to worry about where their next meal is coming from. ... At a time when Congressional Republicans are considering deep cuts to nutrition assistance, we should be doing all we can to make sure our students have food to eat in school.""","State Rep. Lorena Garcia (D-32)","https://www.cohousedems.com/news/bill-to-continue-healthy-school-meals-for-all-program-becomes-law","2025-05-30"
"27945","Support","""Colorado children should never have to worry about where their next meal is coming from. ... At a time when Congressional Republicans are considering deep cuts to nutrition assistance, we should be doing all we can to make sure our students have food to eat in school.""","State Rep. Lorena Garcia (D-32)","https://www.cohousedems.com/news/bill-to-continue-healthy-school-meals-for-all-program-becomes-law","2025-05-30"
"27945","Support","""Colorado children should never have to worry about where their next meal is coming from. ... At a time when Congressional Republicans are considering deep cuts to nutrition assistance, we should be doing all we can to make sure our students have food to eat in school.""","State Rep. Lorena Garcia (D-32)","https://www.cohousedems.com/news/bill-to-continue-healthy-school-meals-for-all-program-becomes-law","2025-05-30"
"27945","Support","""It's clear that the only way to provide stability for this program in uncertain times is to raise additional funds and build a reserve to help weather federal policy changes while providing meals to students without interruption.""","Anya Rose, Director of Public Policy for Hunger Free Colorado","https://www.coloradopolitics.com/education/colorado-universal-school-meals-funding-shortfall/article_a40ad95a-fb6c-11ef-bd24-5f5ee09ae139.html","2025-05-30"
"27945","Support","""It's clear that the only way to provide stability for this program in uncertain times is to raise additional funds and build a reserve to help weather federal policy changes while providing meals to students without interruption.""","Anya Rose, Director of Public Policy for Hunger Free Colorado","https://www.coloradopolitics.com/education/colorado-universal-school-meals-funding-shortfall/article_a40ad95a-fb6c-11ef-bd24-5f5ee09ae139.html","2025-05-30"
"27945","Support","""It's clear that the only way to provide stability for this program in uncertain times is to raise additional funds and build a reserve to help weather federal policy changes while providing meals to students without interruption.""","Anya Rose, Director of Public Policy for Hunger Free Colorado","https://www.coloradopolitics.com/education/colorado-universal-school-meals-funding-shortfall/article_a40ad95a-fb6c-11ef-bd24-5f5ee09ae139.html","2025-05-30"
"27945","Support","""We know the massive impact Healthy School Meals for All can have on the health of our local food system and everyone who touches it. There is so much potential to continue to shape the future of our food system — for our kids, our planet and our local economies.""","Jen O’Neal, Co-Founder of Common Harvest Colorado","https://coloradocommunitymedia.com/2024/12/19/advocates-push-for-full-funding-of-colorados-healthy-school-meals-for-all-program/","2025-05-30"
"27945","Support","""We know the massive impact Healthy School Meals for All can have on the health of our local food system and everyone who touches it. There is so much potential to continue to shape the future of our food system — for our kids, our planet and our local economies.""","Jen O’Neal, Co-Founder of Common Harvest Colorado","https://coloradocommunitymedia.com/2024/12/19/advocates-push-for-full-funding-of-colorados-healthy-school-meals-for-all-program/","2025-05-30"
"27945","Support","""We know the massive impact Healthy School Meals for All can have on the health of our local food system and everyone who touches it. There is so much potential to continue to shape the future of our food system — for our kids, our planet and our local economies.""","Jen O’Neal, Co-Founder of Common Harvest Colorado","https://coloradocommunitymedia.com/2024/12/19/advocates-push-for-full-funding-of-colorados-healthy-school-meals-for-all-program/","2025-05-30"
"27945","Support","""This bill directly supports food service workers by providing direct funding that school districts can use for wage increases. We cannot have a strong, sustainable school meal program without a strong, sustainable workforce.""","Zander Kaschub, President of Jeffco Education Support Professionals Association","https://www.coloradopolitics.com/education/colorado-universal-school-meals-funding-shortfall/article_a40ad95a-fb6c-11ef-bd24-5f5ee09ae139.html","2025-05-30"
"27945","Support","""This bill directly supports food service workers by providing direct funding that school districts can use for wage increases. We cannot have a strong, sustainable school meal program without a strong, sustainable workforce.""","Zander Kaschub, President of Jeffco Education Support Professionals Association","https://www.coloradopolitics.com/education/colorado-universal-school-meals-funding-shortfall/article_a40ad95a-fb6c-11ef-bd24-5f5ee09ae139.html","2025-05-30"
"27945","Support","""This bill directly supports food service workers by providing direct funding that school districts can use for wage increases. We cannot have a strong, sustainable school meal program without a strong, sustainable workforce.""","Zander Kaschub, President of Jeffco Education Support Professionals Association","https://www.coloradopolitics.com/education/colorado-universal-school-meals-funding-shortfall/article_a40ad95a-fb6c-11ef-bd24-5f5ee09ae139.html","2025-05-30"
"27945","Support","""Every single Colorado kid, regardless of their income, should be able to eat a healthy, filling breakfast and lunch without worrying about the cost. The Healthy School Meals for All program has been extremely successful in Colorado – it has reduced the stigma associated with free and reduced lunch, helped Colorado kids succeed, and allowed families breathe a little easier with less strain on their budgets. This bill empowers Colorado voters to decide on the future of this beneficial program.""","State Sen. Katie Wallace (D-17)","https://www.senatedems.co/newsroom/bill-to-continue-healthy-school-meals-for-all-program-passes-senate","2025-06-06"
"27945","Support","""Every single Colorado kid, regardless of their income, should be able to eat a healthy, filling breakfast and lunch without worrying about the cost. The Healthy School Meals for All program has been extremely successful in Colorado – it has reduced the stigma associated with free and reduced lunch, helped Colorado kids succeed, and allowed families breathe a little easier with less strain on their budgets. This bill empowers Colorado voters to decide on the future of this beneficial program.""","State Sen. Katie Wallace (D-17)","https://www.senatedems.co/newsroom/bill-to-continue-healthy-school-meals-for-all-program-passes-senate","2025-06-06"
"27945","Support","""Every single Colorado kid, regardless of their income, should be able to eat a healthy, filling breakfast and lunch without worrying about the cost. The Healthy School Meals for All program has been extremely successful in Colorado – it has reduced the stigma associated with free and reduced lunch, helped Colorado kids succeed, and allowed families breathe a little easier with less strain on their budgets. This bill empowers Colorado voters to decide on the future of this beneficial program.""","State Sen. Katie Wallace (D-17)","https://www.senatedems.co/newsroom/bill-to-continue-healthy-school-meals-for-all-program-passes-senate","2025-06-06"
"27946","Support","""This bill directly supports food service workers by providing direct funding that school districts can use for wage increases. We cannot have a strong, sustainable school meal program without a strong, sustainable workforce.""","Zander Kaschub, President of Jeffco Education Support Professionals Association","https://www.coloradopolitics.com/education/colorado-universal-school-meals-funding-shortfall/article_a40ad95a-fb6c-11ef-bd24-5f5ee09ae139.html","2025-05-30"
"27946","Support","""This bill directly supports food service workers by providing direct funding that school districts can use for wage increases. We cannot have a strong, sustainable school meal program without a strong, sustainable workforce.""","Zander Kaschub, President of Jeffco Education Support Professionals Association","https://www.coloradopolitics.com/education/colorado-universal-school-meals-funding-shortfall/article_a40ad95a-fb6c-11ef-bd24-5f5ee09ae139.html","2025-05-30"
"27946","Oppose","""Not all families need free meals. Given the economy, I have to ask: What are the must-haves versus want-to-haves? I don't believe the majority of Colorado's taxpayers will have the appetite for this this year.""","State Rep. Lori Garcia Sander (R-65)","https://www.coloradopolitics.com/education/colorado-universal-school-meals-funding-shortfall/article_a40ad95a-fb6c-11ef-bd24-5f5ee09ae139.html","2025-05-30"
"27946","Oppose","""Not all families need free meals. Given the economy, I have to ask: What are the must-haves versus want-to-haves? I don't believe the majority of Colorado's taxpayers will have the appetite for this this year.""","State Rep. Lori Garcia Sander (R-65)","https://www.coloradopolitics.com/education/colorado-universal-school-meals-funding-shortfall/article_a40ad95a-fb6c-11ef-bd24-5f5ee09ae139.html","2025-05-30"
"27946","Support","""Colorado children should never have to worry about where their next meal is coming from. ... At a time when Congressional Republicans are considering deep cuts to nutrition assistance, we should be doing all we can to make sure our students have food to eat in school.""","State Rep. Lorena Garcia (D-32)","https://www.cohousedems.com/news/bill-to-continue-healthy-school-meals-for-all-program-becomes-law","2025-05-30"
"27946","Support","""Colorado children should never have to worry about where their next meal is coming from. ... At a time when Congressional Republicans are considering deep cuts to nutrition assistance, we should be doing all we can to make sure our students have food to eat in school.""","State Rep. Lorena Garcia (D-32)","https://www.cohousedems.com/news/bill-to-continue-healthy-school-meals-for-all-program-becomes-law","2025-05-30"
"27946","Support","""It's clear that the only way to provide stability for this program in uncertain times is to raise additional funds and build a reserve to help weather federal policy changes while providing meals to students without interruption.""","Anya Rose, Director of Public Policy for Hunger Free Colorado","https://www.coloradopolitics.com/education/colorado-universal-school-meals-funding-shortfall/article_a40ad95a-fb6c-11ef-bd24-5f5ee09ae139.html","2025-05-30"
"27946","Support","""It's clear that the only way to provide stability for this program in uncertain times is to raise additional funds and build a reserve to help weather federal policy changes while providing meals to students without interruption.""","Anya Rose, Director of Public Policy for Hunger Free Colorado","https://www.coloradopolitics.com/education/colorado-universal-school-meals-funding-shortfall/article_a40ad95a-fb6c-11ef-bd24-5f5ee09ae139.html","2025-05-30"
"27946","Support","""We know the massive impact Healthy School Meals for All can have on the health of our local food system and everyone who touches it. There is so much potential to continue to shape the future of our food system — for our kids, our planet and our local economies.""","Jen O’Neal, Co-Founder of Common Harvest Colorado","https://coloradocommunitymedia.com/2024/12/19/advocates-push-for-full-funding-of-colorados-healthy-school-meals-for-all-program/","2025-05-30"
"27946","Support","""We know the massive impact Healthy School Meals for All can have on the health of our local food system and everyone who touches it. There is so much potential to continue to shape the future of our food system — for our kids, our planet and our local economies.""","Jen O’Neal, Co-Founder of Common Harvest Colorado","https://coloradocommunitymedia.com/2024/12/19/advocates-push-for-full-funding-of-colorados-healthy-school-meals-for-all-program/","2025-05-30"
"27946","Support","""Every single Colorado kid, regardless of their income, should be able to eat a healthy, filling breakfast and lunch without worrying about the cost. The Healthy School Meals for All program has been extremely successful in Colorado – it has reduced the stigma associated with free and reduced lunch, helped Colorado kids succeed, and allowed families breathe a little easier with less strain on their budgets. This bill empowers Colorado voters to decide on the future of this beneficial program.""","State Sen. Katie Wallace (D-17)","https://www.senatedems.co/newsroom/bill-to-continue-healthy-school-meals-for-all-program-passes-senate","2025-06-06"
"27946","Support","""Every single Colorado kid, regardless of their income, should be able to eat a healthy, filling breakfast and lunch without worrying about the cost. The Healthy School Meals for All program has been extremely successful in Colorado – it has reduced the stigma associated with free and reduced lunch, helped Colorado kids succeed, and allowed families breathe a little easier with less strain on their budgets. This bill empowers Colorado voters to decide on the future of this beneficial program.""","State Sen. Katie Wallace (D-17)","https://www.senatedems.co/newsroom/bill-to-continue-healthy-school-meals-for-all-program-passes-senate","2025-06-06"
"27597","Support","“No matter our religion or background, we all deserve a life of safety, dignity, and freedom—especially for our families. Yet, in the past year, the Israeli military has killed tens of thousands of Palestinians in Gaza—most of them civilians, including more than 15,000 children. While many of us are struggling to make ends meet and put food on the table, billions of U.S. taxpayer dollars are being used to fund the Israeli military’s war crimes. Our public resources should go to helping our communities, not footing the bill for death and destruction across the world. Overwhelmingly, Americans want an arms embargo on Israel. It’s against Federal law to provide weapons to countries violating human rights. Pittsburgh’s Pension Fund even has an investment policy that says it should reduce arms production and promote human dignity. When we can’t trust our elected leaders to follow their own guidelines, we will put it to a vote. It’s time we bring public policy in line with our values and demand transparency and accountability for the use of our resources.”","Not On Our Dime Pittsburgh","https://notonourdimepgh.com/","2025-02-13"
"27597","Support","“No matter our religion or background, we all deserve a life of safety, dignity, and freedom—especially for our families. Yet, in the past year, the Israeli military has killed tens of thousands of Palestinians in Gaza—most of them civilians, including more than 15,000 children. While many of us are struggling to make ends meet and put food on the table, billions of U.S. taxpayer dollars are being used to fund the Israeli military’s war crimes. Our public resources should go to helping our communities, not footing the bill for death and destruction across the world. Overwhelmingly, Americans want an arms embargo on Israel. It’s against Federal law to provide weapons to countries violating human rights. Pittsburgh’s Pension Fund even has an investment policy that says it should reduce arms production and promote human dignity. When we can’t trust our elected leaders to follow their own guidelines, we will put it to a vote. It’s time we bring public policy in line with our values and demand transparency and accountability for the use of our resources.”","Not On Our Dime Pittsburgh","https://notonourdimepgh.com/","2025-02-13"
"27597","Support","“No matter our religion or background, we all deserve a life of safety, dignity, and freedom—especially for our families. Yet, in the past year, the Israeli military has killed tens of thousands of Palestinians in Gaza—most of them civilians, including more than 15,000 children. While many of us are struggling to make ends meet and put food on the table, billions of U.S. taxpayer dollars are being used to fund the Israeli military’s war crimes. Our public resources should go to helping our communities, not footing the bill for death and destruction across the world. Overwhelmingly, Americans want an arms embargo on Israel. It’s against Federal law to provide weapons to countries violating human rights. Pittsburgh’s Pension Fund even has an investment policy that says it should reduce arms production and promote human dignity. When we can’t trust our elected leaders to follow their own guidelines, we will put it to a vote. It’s time we bring public policy in line with our values and demand transparency and accountability for the use of our resources.”","Not On Our Dime Pittsburgh","https://notonourdimepgh.com/","2025-02-13"
"27597","Oppose","“We can’t subject our residents to the threat of service disruptions because we can’t contract with a mainstream corporation that happens to operate in a country that some don’t like.”","Councilmember Erika Strasburger","https://jewishchronicle.timesofisrael.com/mayor-gainey-signs-one-anti-bds-referendum-question/","2025-02-13"
"27597","Oppose","“We can’t subject our residents to the threat of service disruptions because we can’t contract with a mainstream corporation that happens to operate in a country that some don’t like.”","Councilmember Erika Strasburger","https://jewishchronicle.timesofisrael.com/mayor-gainey-signs-one-anti-bds-referendum-question/","2025-02-13"
"27597","Oppose","“We can’t subject our residents to the threat of service disruptions because we can’t contract with a mainstream corporation that happens to operate in a country that some don’t like.”","Councilmember Erika Strasburger","https://jewishchronicle.timesofisrael.com/mayor-gainey-signs-one-anti-bds-referendum-question/","2025-02-13"
"27597","Oppose","""I am troubled by the potential impact this flood of dangerous lies will have on both the physical and emotional safety of our Jewish community as well as on the sense of unity that has long defined Pittsburgh as the 'City of Bridges.'""","Julie Paris, regional director of StandWithUs Mid-Atlantic","https://jewishchronicle.timesofisrael.com/mayor-gainey-signs-one-anti-bds-referendum-question/","2025-02-13"
"27597","Oppose","""I am troubled by the potential impact this flood of dangerous lies will have on both the physical and emotional safety of our Jewish community as well as on the sense of unity that has long defined Pittsburgh as the 'City of Bridges.'""","Julie Paris, regional director of StandWithUs Mid-Atlantic","https://jewishchronicle.timesofisrael.com/mayor-gainey-signs-one-anti-bds-referendum-question/","2025-02-13"
"27597","Oppose","""I am troubled by the potential impact this flood of dangerous lies will have on both the physical and emotional safety of our Jewish community as well as on the sense of unity that has long defined Pittsburgh as the 'City of Bridges.'""","Julie Paris, regional director of StandWithUs Mid-Atlantic","https://jewishchronicle.timesofisrael.com/mayor-gainey-signs-one-anti-bds-referendum-question/","2025-02-13"
"27597","Oppose","""Last year, in response to a similar proposed referendum, the Pittsburgh Firefighters noted that the primary vendor for our fire safety equipment is a local company which would have been barred from doing business with the City. This referendum goes even further and, if passed, will cost Pittsburgh taxpayers, both in having to pay higher costs and limiting the available source of products.""","Corey O’Connor, controller of Allegheny County","https://jewishchronicle.timesofisrael.com/mayor-gainey-signs-one-anti-bds-referendum-question/","2025-02-13"
"27597","Oppose","""Last year, in response to a similar proposed referendum, the Pittsburgh Firefighters noted that the primary vendor for our fire safety equipment is a local company which would have been barred from doing business with the City. This referendum goes even further and, if passed, will cost Pittsburgh taxpayers, both in having to pay higher costs and limiting the available source of products.""","Corey O’Connor, controller of Allegheny County","https://jewishchronicle.timesofisrael.com/mayor-gainey-signs-one-anti-bds-referendum-question/","2025-02-13"
"27597","Oppose","""Last year, in response to a similar proposed referendum, the Pittsburgh Firefighters noted that the primary vendor for our fire safety equipment is a local company which would have been barred from doing business with the City. This referendum goes even further and, if passed, will cost Pittsburgh taxpayers, both in having to pay higher costs and limiting the available source of products.""","Corey O’Connor, controller of Allegheny County","https://jewishchronicle.timesofisrael.com/mayor-gainey-signs-one-anti-bds-referendum-question/","2025-02-13"
"27469","Oppose","""Let me be clear: there will be nothing secure and fair about the way we vote in this state if this amendment is passed. It’s a direct assault on the integrity of our voting process and the safeguards we’ve put in place to hold that process accountable.""","Sec. of State Frank LaRose (R)","https://ohiocapitaljournal.com/2024/11/19/ballot-board-clears-ohio-voters-bill-of-rights-organizers-can-begin-collecting-signatures/","2024-11-22"
"27469","Oppose","""Let me be clear: there will be nothing secure and fair about the way we vote in this state if this amendment is passed. It’s a direct assault on the integrity of our voting process and the safeguards we’ve put in place to hold that process accountable.""","Sec. of State Frank LaRose (R)","https://ohiocapitaljournal.com/2024/11/19/ballot-board-clears-ohio-voters-bill-of-rights-organizers-can-begin-collecting-signatures/","2024-11-22"
"27469","Oppose","""Let me be clear: there will be nothing secure and fair about the way we vote in this state if this amendment is passed. It’s a direct assault on the integrity of our voting process and the safeguards we’ve put in place to hold that process accountable.""","Sec. of State Frank LaRose (R)","https://ohiocapitaljournal.com/2024/11/19/ballot-board-clears-ohio-voters-bill-of-rights-organizers-can-begin-collecting-signatures/","2024-11-22"
"27469","Oppose","""Let me be clear: there will be nothing secure and fair about the way we vote in this state if this amendment is passed. It’s a direct assault on the integrity of our voting process and the safeguards we’ve put in place to hold that process accountable.""","Sec. of State Frank LaRose (R)","https://ohiocapitaljournal.com/2024/11/19/ballot-board-clears-ohio-voters-bill-of-rights-organizers-can-begin-collecting-signatures/","2024-11-22"
"27469","Support","“We believe that this amendment would help guarantee that all voices are heard and that all voices are counted in our electorate. And, we believe that this bill of rights is going to help us build an equitable path to the ballot box for all Ohioans, while at the same time safeguarding the security and integrity of our elections.”","Petee Talley, representative of Ohio Voter Bill of Rights","https://spectrumnews1.com/oh/columbus/politics/2024/01/17/politics--petition--language--resubmission--attorney--general--office-","2024-11-22"
"27469","Support","“We believe that this amendment would help guarantee that all voices are heard and that all voices are counted in our electorate. And, we believe that this bill of rights is going to help us build an equitable path to the ballot box for all Ohioans, while at the same time safeguarding the security and integrity of our elections.”","Petee Talley, representative of Ohio Voter Bill of Rights","https://spectrumnews1.com/oh/columbus/politics/2024/01/17/politics--petition--language--resubmission--attorney--general--office-","2024-11-22"
"27469","Support","“We believe that this amendment would help guarantee that all voices are heard and that all voices are counted in our electorate. And, we believe that this bill of rights is going to help us build an equitable path to the ballot box for all Ohioans, while at the same time safeguarding the security and integrity of our elections.”","Petee Talley, representative of Ohio Voter Bill of Rights","https://spectrumnews1.com/oh/columbus/politics/2024/01/17/politics--petition--language--resubmission--attorney--general--office-","2024-11-22"
"27469","Support","“We believe that this amendment would help guarantee that all voices are heard and that all voices are counted in our electorate. And, we believe that this bill of rights is going to help us build an equitable path to the ballot box for all Ohioans, while at the same time safeguarding the security and integrity of our elections.”","Petee Talley, representative of Ohio Voter Bill of Rights","https://spectrumnews1.com/oh/columbus/politics/2024/01/17/politics--petition--language--resubmission--attorney--general--office-","2024-11-22"
"25943","Support","""Right now, working-class people are struggling to pay rent, pay for food, send their kids to college, deal with retirement issues, deal with healthcare issues, while the very richest people in this country are becoming much richer. And one way to improve life for working people is to move the minimum wage to a living wage.""","U.S. Sen. Bernie Sanders (D)","https://www.cleveland.com/news/2024/06/bernie-sanders-wants-a-17-national-minimum-wage-he-says-15-in-ohio-would-be-a-good-start.html","2024-06-25"
"25943","Oppose","""Eliminating the tipped wage would negatively impact their earning potential. It will also force restaurant operators to raise menu prices to cover higher labor costs, which would drive further inflation. It would also decrease their workforce, as we have seen in Washington, D.C., where the tip credit is being eliminated. There’s no question that our industry does not want the tip credit eliminated.""","John Barker, president and CEO of the Ohio Restaurant & Hospitality Alliance","https://www.cleveland.com/entertainment/2024/05/restaurant-association-says-servers-want-tips-not-higher-wages.html?outputType=amp","2024-06-25"
"27470","Support","""Twenty-seven states have business courts to handle complex or highly specialized cases, including Texas recently enacted one, and right now under our constitution we can only create a court that had parish-wide jurisdiction, nothing beyond that.""","State Sen. Jay Morris (R-35)","https://www.yahoo.com/news/louisiana-senate-passes-proposed-bill-231333341.html","2024-12-14"
"27470","Support","""Twenty-seven states have business courts to handle complex or highly specialized cases, including Texas recently enacted one, and right now under our constitution we can only create a court that had parish-wide jurisdiction, nothing beyond that.""","State Sen. Jay Morris (R-35)","https://www.yahoo.com/news/louisiana-senate-passes-proposed-bill-231333341.html","2024-12-14"
"27470","Support","""Twenty-seven states have business courts to handle complex or highly specialized cases, including Texas recently enacted one, and right now under our constitution we can only create a court that had parish-wide jurisdiction, nothing beyond that.""","State Sen. Jay Morris (R-35)","https://www.yahoo.com/news/louisiana-senate-passes-proposed-bill-231333341.html","2024-12-14"
"27470","Oppose","""It’s very vague. It’s unclear what they’re trying to do. If we had specifics — like this is exactly the court that they want to create — we could consider it. Many people are concerned that it’s a way to take power away from the judges that we have in the cities in the greater New Orleans area.""","State Sen. Gary Carter Jr. (D-7)","https://www.nola.com/news/politics/should-louisiana-have-specialty-courts-that-cover-multiple-parishes-voters-must-now-decide/article_ba72ad7c-a927-11ef-b0c0-e3198ee05d87.html","2024-12-14"
"27470","Oppose","""It’s very vague. It’s unclear what they’re trying to do. If we had specifics — like this is exactly the court that they want to create — we could consider it. Many people are concerned that it’s a way to take power away from the judges that we have in the cities in the greater New Orleans area.""","State Sen. Gary Carter Jr. (D-7)","https://www.nola.com/news/politics/should-louisiana-have-specialty-courts-that-cover-multiple-parishes-voters-must-now-decide/article_ba72ad7c-a927-11ef-b0c0-e3198ee05d87.html","2024-12-14"
"27470","Oppose","""It’s very vague. It’s unclear what they’re trying to do. If we had specifics — like this is exactly the court that they want to create — we could consider it. Many people are concerned that it’s a way to take power away from the judges that we have in the cities in the greater New Orleans area.""","State Sen. Gary Carter Jr. (D-7)","https://www.nola.com/news/politics/should-louisiana-have-specialty-courts-that-cover-multiple-parishes-voters-must-now-decide/article_ba72ad7c-a927-11ef-b0c0-e3198ee05d87.html","2024-12-14"
"27470","Oppose","""The 'trial courts of limited and specialized jurisdiction' in Amendment 1 are meant to let Baton Rouge insiders set up special, can’t-lose courts for their friends and special, can’t-win courts for their enemies.""","Say No! to Them All","https://www.notothemall.org/","2025-02-26"
"27470","Oppose","""The 'trial courts of limited and specialized jurisdiction' in Amendment 1 are meant to let Baton Rouge insiders set up special, can’t-lose courts for their friends and special, can’t-win courts for their enemies.""","Say No! to Them All","https://www.notothemall.org/","2025-02-26"
"27470","Oppose","""The 'trial courts of limited and specialized jurisdiction' in Amendment 1 are meant to let Baton Rouge insiders set up special, can’t-lose courts for their friends and special, can’t-win courts for their enemies.""","Say No! to Them All","https://www.notothemall.org/","2025-02-26"
"27470","Oppose","""This amendment isn’t about disciplining out-of-state attorneys. Out-of-state attorneys already get disciplined and disbarred for their actions in Louisiana, ALL THE TIME. So, what aren’t they telling us? This amendment sounds like politicians can punish out-of-state attorneys doing work they don’t agree with under the guise of ethics complaints.""","Power Coalition for Equity and Justice","https://powercoalition.org/amendments/","2025-02-26"
"27470","Oppose","""This amendment isn’t about disciplining out-of-state attorneys. Out-of-state attorneys already get disciplined and disbarred for their actions in Louisiana, ALL THE TIME. So, what aren’t they telling us? This amendment sounds like politicians can punish out-of-state attorneys doing work they don’t agree with under the guise of ethics complaints.""","Power Coalition for Equity and Justice","https://powercoalition.org/amendments/","2025-02-26"
"27470","Oppose","""This amendment isn’t about disciplining out-of-state attorneys. Out-of-state attorneys already get disciplined and disbarred for their actions in Louisiana, ALL THE TIME. So, what aren’t they telling us? This amendment sounds like politicians can punish out-of-state attorneys doing work they don’t agree with under the guise of ethics complaints.""","Power Coalition for Equity and Justice","https://powercoalition.org/amendments/","2025-02-26"
"27470","Support","""The current constitutional provision is too restrictive. Lawmakers should have more flexibility
to create specialized courts where they see a need. District judges who spend their days working
on criminal cases, vehicle accident cases and other routine litigation found in courtrooms often
don’t have the time or the expertise to hear complex business or class action lawsuits. Meanwhile,
some parishes and judicial districts are rural and small with too few judges to handle the addition
of specialty treatment-focused courts, such as drug courts and behavioral health courts. Allowing
regions to create such courts would help rural areas to have enough money and resources to pay for a specialty court, staff it and provide adequate training for its judges. Requiring a two-thirds
vote of the House and Senate keeps a high threshold for passage of new specialty courts.""","Public Affairs Research Council of Louisiana Voter Guide","https://parlouisiana.org/wp-content/uploads/2025/02/PAR-Guide-to-the-2025-Constitutional-Amendments.pdf","2025-02-26"
"27470","Support","""The current constitutional provision is too restrictive. Lawmakers should have more flexibility
to create specialized courts where they see a need. District judges who spend their days working
on criminal cases, vehicle accident cases and other routine litigation found in courtrooms often
don’t have the time or the expertise to hear complex business or class action lawsuits. Meanwhile,
some parishes and judicial districts are rural and small with too few judges to handle the addition
of specialty treatment-focused courts, such as drug courts and behavioral health courts. Allowing
regions to create such courts would help rural areas to have enough money and resources to pay for a specialty court, staff it and provide adequate training for its judges. Requiring a two-thirds
vote of the House and Senate keeps a high threshold for passage of new specialty courts.""","Public Affairs Research Council of Louisiana Voter Guide","https://parlouisiana.org/wp-content/uploads/2025/02/PAR-Guide-to-the-2025-Constitutional-Amendments.pdf","2025-02-26"
"27470","Support","""The current constitutional provision is too restrictive. Lawmakers should have more flexibility
to create specialized courts where they see a need. District judges who spend their days working
on criminal cases, vehicle accident cases and other routine litigation found in courtrooms often
don’t have the time or the expertise to hear complex business or class action lawsuits. Meanwhile,
some parishes and judicial districts are rural and small with too few judges to handle the addition
of specialty treatment-focused courts, such as drug courts and behavioral health courts. Allowing
regions to create such courts would help rural areas to have enough money and resources to pay for a specialty court, staff it and provide adequate training for its judges. Requiring a two-thirds
vote of the House and Senate keeps a high threshold for passage of new specialty courts.""","Public Affairs Research Council of Louisiana Voter Guide","https://parlouisiana.org/wp-content/uploads/2025/02/PAR-Guide-to-the-2025-Constitutional-Amendments.pdf","2025-02-26"
"27470","Oppose","""Louisiana has more judges per capita than many other states, according to several studies. The
ability for lawmakers to more easily create specialty courts would worsen the problem and drive
up court system costs, requiring taxpayers to pay more for judges, their staff and other expenses.
Lawmakers should look first to restructure the existing court system before asking voters to allow
further expansions. Furthermore, the proposal is unnecessary because lawmakers already can
create district-level specialty courts. In addition, the amendment’s language is too vague, without
any detail of what courts its supporters intend to create or how they would function. The changes
could be inappropriately used to usurp the powers of a local district court. The judiciary didn’t
ask for this amendment. More study and participation from the judicial branch should be done
before rewriting the constitution.""","Public Affairs Research Council of Louisiana Voter Guide","https://parlouisiana.org/wp-content/uploads/2025/02/PAR-Guide-to-the-2025-Constitutional-Amendments.pdf","2025-02-26"
"27470","Oppose","""Louisiana has more judges per capita than many other states, according to several studies. The
ability for lawmakers to more easily create specialty courts would worsen the problem and drive
up court system costs, requiring taxpayers to pay more for judges, their staff and other expenses.
Lawmakers should look first to restructure the existing court system before asking voters to allow
further expansions. Furthermore, the proposal is unnecessary because lawmakers already can
create district-level specialty courts. In addition, the amendment’s language is too vague, without
any detail of what courts its supporters intend to create or how they would function. The changes
could be inappropriately used to usurp the powers of a local district court. The judiciary didn’t
ask for this amendment. More study and participation from the judicial branch should be done
before rewriting the constitution.""","Public Affairs Research Council of Louisiana Voter Guide","https://parlouisiana.org/wp-content/uploads/2025/02/PAR-Guide-to-the-2025-Constitutional-Amendments.pdf","2025-02-26"
"27470","Oppose","""Louisiana has more judges per capita than many other states, according to several studies. The
ability for lawmakers to more easily create specialty courts would worsen the problem and drive
up court system costs, requiring taxpayers to pay more for judges, their staff and other expenses.
Lawmakers should look first to restructure the existing court system before asking voters to allow
further expansions. Furthermore, the proposal is unnecessary because lawmakers already can
create district-level specialty courts. In addition, the amendment’s language is too vague, without
any detail of what courts its supporters intend to create or how they would function. The changes
could be inappropriately used to usurp the powers of a local district court. The judiciary didn’t
ask for this amendment. More study and participation from the judicial branch should be done
before rewriting the constitution.""","Public Affairs Research Council of Louisiana Voter Guide","https://parlouisiana.org/wp-content/uploads/2025/02/PAR-Guide-to-the-2025-Constitutional-Amendments.pdf","2025-02-26"
"27470","Oppose","""While we applaud the use of specialty courts, we do not think expanding the number of judges and courts is warranted. It is likely just to create higher costs for Louisiana's taxpayers and increased fees for those seeking redress through the judicial system. Additionally, the Supreme Court already has power to discipline attorneys who practice in the state. We urge voters to reject this proposed amendment.""","NOLA Editorial Board","https://www.nola.com/opinions/our_views/editorial-vote-wisely-on-constitutional-amendments/article_fb2d79ca-feac-11ef-8f3f-8706099803b3.html","2025-03-13"
"27470","Oppose","""While we applaud the use of specialty courts, we do not think expanding the number of judges and courts is warranted. It is likely just to create higher costs for Louisiana's taxpayers and increased fees for those seeking redress through the judicial system. Additionally, the Supreme Court already has power to discipline attorneys who practice in the state. We urge voters to reject this proposed amendment.""","NOLA Editorial Board","https://www.nola.com/opinions/our_views/editorial-vote-wisely-on-constitutional-amendments/article_fb2d79ca-feac-11ef-8f3f-8706099803b3.html","2025-03-13"
"27470","Oppose","""While we applaud the use of specialty courts, we do not think expanding the number of judges and courts is warranted. It is likely just to create higher costs for Louisiana's taxpayers and increased fees for those seeking redress through the judicial system. Additionally, the Supreme Court already has power to discipline attorneys who practice in the state. We urge voters to reject this proposed amendment.""","NOLA Editorial Board","https://www.nola.com/opinions/our_views/editorial-vote-wisely-on-constitutional-amendments/article_fb2d79ca-feac-11ef-8f3f-8706099803b3.html","2025-03-13"
"27471","Oppose","""The move in Amendment 4 to change the election dates for judges is another ploy to make it easier for Baton Rouge politicians to get their friends elected when few voters are paying attention.""","Say No! to Them All","https://www.notothemall.org/","2025-02-26"
"27471","Support","""This technical fix is needed to correspond with the limited closed primary system that lawmakers
and the governor approved last year, specifically for a vacancy created if a state Supreme Court
justice dies or resigns before the 10-year term is complete. Amending the constitution is a better
approach than tweaking the closed primary law. If the law is adjusted instead to allow the governor
to call a special election that doesn’t coincide with the regular election calendar, Louisiana could
be forced to spend additional dollars to comply with the constitutional mandate to elect a new
judge within a year.""","Public Affairs Research Council of Louisiana Voter Guide","https://parlouisiana.org/wp-content/uploads/2025/02/PAR-Guide-to-the-2025-Constitutional-Amendments.pdf","2025-02-26"
"27471","Oppose","""The potential for a state Supreme Court vacancy requiring a special election is rare enough that
it doesn’t call for a wholesale rewrite of a constitutional provision that has worked well for years.
The closed primary law won’t impact the state’s hundreds of judgeships, only seven high court
justice positions, so the amendment is unnecessary. Lawmakers knew the state could need to hold
additional elections when they created the closed primaries. A better approach involves adjusting
the law to give the governor more flexibility to call special elections for a high court vacancy to
ensure the seat is filled within 12 months.""","Public Affairs Research Council of Louisiana Voter Guide","https://parlouisiana.org/wp-content/uploads/2025/02/PAR-Guide-to-the-2025-Constitutional-Amendments.pdf","2025-02-26"
"27471","Support","""This fix would require the governor to call the election to fill the role on the same date as a gubernatorial or congressional election if either of them is within 12 months of the vacancy. If not, then the election would occur on the first already scheduled election date after the vacancy occurs. This fix is unlikely to have much of an impact — it does not apply to lower court judgeships. But nevertheless, in the interest of saving money due to extra elections, we recommend support.""","NOLA Editorial Board","https://www.nola.com/opinions/our_views/editorial-vote-wisely-on-constitutional-amendments/article_fb2d79ca-feac-11ef-8f3f-8706099803b3.html","2025-03-13"
"27472","Oppose","""It’s a real profound social failure when we have to give up on kids.""","Michael Cahoon of Promise of Justice Initiative","https://lailluminator.com/2024/11/08/louisiana-lawmakers-consider-making-it-easier-to-sentence-more-minors-to-adult-prisons/","2024-11-27"
"27472","Oppose","""It’s a real profound social failure when we have to give up on kids.""","Michael Cahoon of Promise of Justice Initiative","https://lailluminator.com/2024/11/08/louisiana-lawmakers-consider-making-it-easier-to-sentence-more-minors-to-adult-prisons/","2024-11-27"
"27472","Oppose","""It’s a real profound social failure when we have to give up on kids.""","Michael Cahoon of Promise of Justice Initiative","https://lailluminator.com/2024/11/08/louisiana-lawmakers-consider-making-it-easier-to-sentence-more-minors-to-adult-prisons/","2024-11-27"
"27472","Support","""This is very important legislation. It builds upon successes that we’ve already achieved that are critical to the overall well-being and safety and security of our state for today and for future generations.""","State Sen. Heather Cloud (R)","https://www.nola.com/news/politics/louisiana-senate-advances-bill-that-could-land-more-teens-in-adult-prison/article_8077ab3c-a2d7-11ef-9f54-f3a87cfacc3a.html","2024-11-27"
"27472","Support","""This is very important legislation. It builds upon successes that we’ve already achieved that are critical to the overall well-being and safety and security of our state for today and for future generations.""","State Sen. Heather Cloud (R)","https://www.nola.com/news/politics/louisiana-senate-advances-bill-that-could-land-more-teens-in-adult-prison/article_8077ab3c-a2d7-11ef-9f54-f3a87cfacc3a.html","2024-11-27"
"27472","Support","""This is very important legislation. It builds upon successes that we’ve already achieved that are critical to the overall well-being and safety and security of our state for today and for future generations.""","State Sen. Heather Cloud (R)","https://www.nola.com/news/politics/louisiana-senate-advances-bill-that-could-land-more-teens-in-adult-prison/article_8077ab3c-a2d7-11ef-9f54-f3a87cfacc3a.html","2024-11-27"
"27472","Oppose","""Children should be treated differently than adults. The Louisiana Legislature has chosen a path that disregards decades of evidence showing that rehabilitative juvenile justice approaches lead to better outcomes for children and public safety. This decision fails our children and our communities. Instead of investing in solutions that address the root causes of juvenile delinquency, Senate Bill 2 doubles down on punitive measures that increase recidivism and perpetuate cycles of injustice. SPLC stands firmly against this harmful measure and urges Louisiana voters to reject it at the ballot box.""","Southern Poverty Law Center","https://www.kalb.com/2024/11/25/splc-urges-la-voters-reject-sb2-march-2025-election/","2024-11-27"
"27472","Oppose","""Children should be treated differently than adults. The Louisiana Legislature has chosen a path that disregards decades of evidence showing that rehabilitative juvenile justice approaches lead to better outcomes for children and public safety. This decision fails our children and our communities. Instead of investing in solutions that address the root causes of juvenile delinquency, Senate Bill 2 doubles down on punitive measures that increase recidivism and perpetuate cycles of injustice. SPLC stands firmly against this harmful measure and urges Louisiana voters to reject it at the ballot box.""","Southern Poverty Law Center","https://www.kalb.com/2024/11/25/splc-urges-la-voters-reject-sb2-march-2025-election/","2024-11-27"
"27472","Oppose","""Children should be treated differently than adults. The Louisiana Legislature has chosen a path that disregards decades of evidence showing that rehabilitative juvenile justice approaches lead to better outcomes for children and public safety. This decision fails our children and our communities. Instead of investing in solutions that address the root causes of juvenile delinquency, Senate Bill 2 doubles down on punitive measures that increase recidivism and perpetuate cycles of injustice. SPLC stands firmly against this harmful measure and urges Louisiana voters to reject it at the ballot box.""","Southern Poverty Law Center","https://www.kalb.com/2024/11/25/splc-urges-la-voters-reject-sb2-march-2025-election/","2024-11-27"
"27472","Support","""[R]ight now on the ballot, there are four amendments, and one of those amendments is Amendment 3 that is going to further aid us.""","Gov. Jeff Landry (R)","https://lailluminator.com/2025/03/17/juvenile-amendment/","2025-03-17"
"27472","Support","""[R]ight now on the ballot, there are four amendments, and one of those amendments is Amendment 3 that is going to further aid us.""","Gov. Jeff Landry (R)","https://lailluminator.com/2025/03/17/juvenile-amendment/","2025-03-17"
"27472","Support","""[R]ight now on the ballot, there are four amendments, and one of those amendments is Amendment 3 that is going to further aid us.""","Gov. Jeff Landry (R)","https://lailluminator.com/2025/03/17/juvenile-amendment/","2025-03-17"
"27472","Oppose","""It’s going to do nothing to reduce crime in Louisiana. Nothing.""","Chris Alexander of the Louisiana Citizen Advocacy Group","https://lailluminator.com/2025/03/17/juvenile-amendment/","2025-03-17"
"27472","Oppose","""It’s going to do nothing to reduce crime in Louisiana. Nothing.""","Chris Alexander of the Louisiana Citizen Advocacy Group","https://lailluminator.com/2025/03/17/juvenile-amendment/","2025-03-17"
"27472","Oppose","""It’s going to do nothing to reduce crime in Louisiana. Nothing.""","Chris Alexander of the Louisiana Citizen Advocacy Group","https://lailluminator.com/2025/03/17/juvenile-amendment/","2025-03-17"
"27472","Oppose","""Amendment 3 would expose more youth to the dangers of adult jails, where they face significantly higher risks of suicide and long-term harm, while worsening Louisiana’s already overburdened and costly legal system. This policy disproportionately impacts marginalized youth and undermines the rehabilitative focus of the juvenile legal system, leading to greater societal and financial costs without improving public safety. ... Amendment 3 would expand the ability to try youth as adults for nearly any offense, including nonviolent crimes like shoplifting, exposing more youth to adult sentencing without clear benefits. ... Louisiana already spends over $1 billion annually on its justice system, yet expanding adult courts for youth will only increase costs without improving public safety.""","No on 3","https://www.noon3la.org/","2025-02-26"
"27472","Oppose","""Amendment 3 would expose more youth to the dangers of adult jails, where they face significantly higher risks of suicide and long-term harm, while worsening Louisiana’s already overburdened and costly legal system. This policy disproportionately impacts marginalized youth and undermines the rehabilitative focus of the juvenile legal system, leading to greater societal and financial costs without improving public safety. ... Amendment 3 would expand the ability to try youth as adults for nearly any offense, including nonviolent crimes like shoplifting, exposing more youth to adult sentencing without clear benefits. ... Louisiana already spends over $1 billion annually on its justice system, yet expanding adult courts for youth will only increase costs without improving public safety.""","No on 3","https://www.noon3la.org/","2025-02-26"
"27472","Oppose","""Amendment 3 would expose more youth to the dangers of adult jails, where they face significantly higher risks of suicide and long-term harm, while worsening Louisiana’s already overburdened and costly legal system. This policy disproportionately impacts marginalized youth and undermines the rehabilitative focus of the juvenile legal system, leading to greater societal and financial costs without improving public safety. ... Amendment 3 would expand the ability to try youth as adults for nearly any offense, including nonviolent crimes like shoplifting, exposing more youth to adult sentencing without clear benefits. ... Louisiana already spends over $1 billion annually on its justice system, yet expanding adult courts for youth will only increase costs without improving public safety.""","No on 3","https://www.noon3la.org/","2025-02-26"
"27472","Oppose","""This amendment is shrouded in mystery—no one knows who even asked for the Amendment in the first place. When the author of the amendment was quizzed on which additional crimes she wanted to send kids to adult prisons for, she named only crimes that already allow this under current law. Either she’s shockingly ignorant of her own policy or wants to hide the amendment’s true intent.""","Say No! to Them All","https://www.notothemall.org/","2025-02-26"
"27472","Oppose","""This amendment is shrouded in mystery—no one knows who even asked for the Amendment in the first place. When the author of the amendment was quizzed on which additional crimes she wanted to send kids to adult prisons for, she named only crimes that already allow this under current law. Either she’s shockingly ignorant of her own policy or wants to hide the amendment’s true intent.""","Say No! to Them All","https://www.notothemall.org/","2025-02-26"
"27472","Oppose","""This amendment is shrouded in mystery—no one knows who even asked for the Amendment in the first place. When the author of the amendment was quizzed on which additional crimes she wanted to send kids to adult prisons for, she named only crimes that already allow this under current law. Either she’s shockingly ignorant of her own policy or wants to hide the amendment’s true intent.""","Say No! to Them All","https://www.notothemall.org/","2025-02-26"
"27472","Support","""Louisiana is rare in including such a specific list of the crimes for which a juvenile can be tried
in adult criminal court in its constitution. Decades have passed since the list was last adjusted in
Louisiana, and the types and severity of crimes committed by young people has worsened since
then. Lawmakers need more adaptability to respond to the changes in crime trends and to the
needs of law enforcement and district attorneys who are trying to keep communities safe. Passage
of the amendment won’t immediately change anything because lawmakers would have to reach
the high hurdle of a two-thirds vote to add more crimes to the list. If lawmakers later choose to
broaden the list of crimes for which people under the age of 17 can be tried as adults, only a small
number of young people accused of severe crimes would be impacted. Those types of felony crimes
should carry tough consequences if a person is found guilty. In addition, teenagers accused of such
felony crimes shouldn’t be housed with much younger offenders because they could harm them
or inappropriately coerce them into worse criminal activity.""","Public Affairs Research Council of Louisiana Voter Guide","https://parlouisiana.org/wp-content/uploads/2025/02/PAR-Guide-to-the-2025-Constitutional-Amendments.pdf","2025-02-26"
"27472","Support","""Louisiana is rare in including such a specific list of the crimes for which a juvenile can be tried
in adult criminal court in its constitution. Decades have passed since the list was last adjusted in
Louisiana, and the types and severity of crimes committed by young people has worsened since
then. Lawmakers need more adaptability to respond to the changes in crime trends and to the
needs of law enforcement and district attorneys who are trying to keep communities safe. Passage
of the amendment won’t immediately change anything because lawmakers would have to reach
the high hurdle of a two-thirds vote to add more crimes to the list. If lawmakers later choose to
broaden the list of crimes for which people under the age of 17 can be tried as adults, only a small
number of young people accused of severe crimes would be impacted. Those types of felony crimes
should carry tough consequences if a person is found guilty. In addition, teenagers accused of such
felony crimes shouldn’t be housed with much younger offenders because they could harm them
or inappropriately coerce them into worse criminal activity.""","Public Affairs Research Council of Louisiana Voter Guide","https://parlouisiana.org/wp-content/uploads/2025/02/PAR-Guide-to-the-2025-Constitutional-Amendments.pdf","2025-02-26"
"27472","Support","""Louisiana is rare in including such a specific list of the crimes for which a juvenile can be tried
in adult criminal court in its constitution. Decades have passed since the list was last adjusted in
Louisiana, and the types and severity of crimes committed by young people has worsened since
then. Lawmakers need more adaptability to respond to the changes in crime trends and to the
needs of law enforcement and district attorneys who are trying to keep communities safe. Passage
of the amendment won’t immediately change anything because lawmakers would have to reach
the high hurdle of a two-thirds vote to add more crimes to the list. If lawmakers later choose to
broaden the list of crimes for which people under the age of 17 can be tried as adults, only a small
number of young people accused of severe crimes would be impacted. Those types of felony crimes
should carry tough consequences if a person is found guilty. In addition, teenagers accused of such
felony crimes shouldn’t be housed with much younger offenders because they could harm them
or inappropriately coerce them into worse criminal activity.""","Public Affairs Research Council of Louisiana Voter Guide","https://parlouisiana.org/wp-content/uploads/2025/02/PAR-Guide-to-the-2025-Constitutional-Amendments.pdf","2025-02-26"
"27472","Oppose","""Young people should be treated differently from adults because research shows teenagers have
a lack of maturity and impulse control along with a higher capacity for rehabilitation. The list
of crimes for which a juvenile can be tried as an adult was crafted to reflect those concerns. If
lawmakers want to adjust the list, they can add crimes in the constitution. The amendment could
lead to attempts to imprison young people in punitive adult prisons for lesser offenses that don’t
deserve such harsh treatment, rather than in juvenile detention facilities that have a focus to
reform young people. Louisiana has had one of the nation’s highest incarceration rates per capita
for decades, but the state isn’t any safer than others. Leaders should focus on root causes of crime
and prioritize improving education, literacy and skills training rather than incarceration. Sheriffs
already don’t have the space to house people under 18 in their jails and comply with federal laws
requiring those offenders to be segregated; treating more youths as adults would worsen the
problem and likely increase taxpayer costs. Also, putting teenagers with adult prisoners could create
more hardened criminals, since teenagers incarcerated in adult jails have higher rates of reoffending.""","Public Affairs Research Council of Louisiana Voter Guide","https://parlouisiana.org/wp-content/uploads/2025/02/PAR-Guide-to-the-2025-Constitutional-Amendments.pdf","2025-02-26"
"27472","Oppose","""Young people should be treated differently from adults because research shows teenagers have
a lack of maturity and impulse control along with a higher capacity for rehabilitation. The list
of crimes for which a juvenile can be tried as an adult was crafted to reflect those concerns. If
lawmakers want to adjust the list, they can add crimes in the constitution. The amendment could
lead to attempts to imprison young people in punitive adult prisons for lesser offenses that don’t
deserve such harsh treatment, rather than in juvenile detention facilities that have a focus to
reform young people. Louisiana has had one of the nation’s highest incarceration rates per capita
for decades, but the state isn’t any safer than others. Leaders should focus on root causes of crime
and prioritize improving education, literacy and skills training rather than incarceration. Sheriffs
already don’t have the space to house people under 18 in their jails and comply with federal laws
requiring those offenders to be segregated; treating more youths as adults would worsen the
problem and likely increase taxpayer costs. Also, putting teenagers with adult prisoners could create
more hardened criminals, since teenagers incarcerated in adult jails have higher rates of reoffending.""","Public Affairs Research Council of Louisiana Voter Guide","https://parlouisiana.org/wp-content/uploads/2025/02/PAR-Guide-to-the-2025-Constitutional-Amendments.pdf","2025-02-26"
"27472","Oppose","""Young people should be treated differently from adults because research shows teenagers have
a lack of maturity and impulse control along with a higher capacity for rehabilitation. The list
of crimes for which a juvenile can be tried as an adult was crafted to reflect those concerns. If
lawmakers want to adjust the list, they can add crimes in the constitution. The amendment could
lead to attempts to imprison young people in punitive adult prisons for lesser offenses that don’t
deserve such harsh treatment, rather than in juvenile detention facilities that have a focus to
reform young people. Louisiana has had one of the nation’s highest incarceration rates per capita
for decades, but the state isn’t any safer than others. Leaders should focus on root causes of crime
and prioritize improving education, literacy and skills training rather than incarceration. Sheriffs
already don’t have the space to house people under 18 in their jails and comply with federal laws
requiring those offenders to be segregated; treating more youths as adults would worsen the
problem and likely increase taxpayer costs. Also, putting teenagers with adult prisoners could create
more hardened criminals, since teenagers incarcerated in adult jails have higher rates of reoffending.""","Public Affairs Research Council of Louisiana Voter Guide","https://parlouisiana.org/wp-content/uploads/2025/02/PAR-Guide-to-the-2025-Constitutional-Amendments.pdf","2025-02-26"
"27472","Oppose","""This proposal, if enacted, would remove the current list of 16 mostly violent felonies from the constitution and give the Legislature the ability to add and remove crimes to that list at will. We feel the current list of crimes for which juveniles can be tried as adults is sufficient. We recommend a no vote.""","NOLA Editorial Board","https://www.nola.com/opinions/our_views/editorial-vote-wisely-on-constitutional-amendments/article_fb2d79ca-feac-11ef-8f3f-8706099803b3.html","2025-03-13"
"27472","Oppose","""This proposal, if enacted, would remove the current list of 16 mostly violent felonies from the constitution and give the Legislature the ability to add and remove crimes to that list at will. We feel the current list of crimes for which juveniles can be tried as adults is sufficient. We recommend a no vote.""","NOLA Editorial Board","https://www.nola.com/opinions/our_views/editorial-vote-wisely-on-constitutional-amendments/article_fb2d79ca-feac-11ef-8f3f-8706099803b3.html","2025-03-13"
"27472","Oppose","""This proposal, if enacted, would remove the current list of 16 mostly violent felonies from the constitution and give the Legislature the ability to add and remove crimes to that list at will. We feel the current list of crimes for which juveniles can be tried as adults is sufficient. We recommend a no vote.""","NOLA Editorial Board","https://www.nola.com/opinions/our_views/editorial-vote-wisely-on-constitutional-amendments/article_fb2d79ca-feac-11ef-8f3f-8706099803b3.html","2025-03-13"
"27472","Oppose","""The professionals in corrections that worked in this field do not think this is a good idea. We do not want to send more kids to adult prisons. That may get people elected but it’s not good policy.""","Mary Livers, former deputy secretary of juvenile justice","https://lailluminator.com/2025/03/17/juvenile-amendment/","2025-03-17"
"27472","Oppose","""The professionals in corrections that worked in this field do not think this is a good idea. We do not want to send more kids to adult prisons. That may get people elected but it’s not good policy.""","Mary Livers, former deputy secretary of juvenile justice","https://lailluminator.com/2025/03/17/juvenile-amendment/","2025-03-17"
"27472","Oppose","""The professionals in corrections that worked in this field do not think this is a good idea. We do not want to send more kids to adult prisons. That may get people elected but it’s not good policy.""","Mary Livers, former deputy secretary of juvenile justice","https://lailluminator.com/2025/03/17/juvenile-amendment/","2025-03-17"
"27472","Oppose","""These are grasps for more power. We’re really trying to cage up and defund Louisiana’s future. Every single session from now until, well, the end of time, legislators could just advance a bill adding more things for which children will be charged as adults. It opens a pathway for the legislature to send more kids of any age to the adult system for any time, for any violent or non violent crime.""","Sarah Omojola, the executive director of Vera Institute New Orleans","https://boltsmag.org/louisiana-amendment-3-youth-prosecution-adult-system/","2025-03-28"
"27472","Oppose","""These are grasps for more power. We’re really trying to cage up and defund Louisiana’s future. Every single session from now until, well, the end of time, legislators could just advance a bill adding more things for which children will be charged as adults. It opens a pathway for the legislature to send more kids of any age to the adult system for any time, for any violent or non violent crime.""","Sarah Omojola, the executive director of Vera Institute New Orleans","https://boltsmag.org/louisiana-amendment-3-youth-prosecution-adult-system/","2025-03-28"
"27472","Oppose","""These are grasps for more power. We’re really trying to cage up and defund Louisiana’s future. Every single session from now until, well, the end of time, legislators could just advance a bill adding more things for which children will be charged as adults. It opens a pathway for the legislature to send more kids of any age to the adult system for any time, for any violent or non violent crime.""","Sarah Omojola, the executive director of Vera Institute New Orleans","https://boltsmag.org/louisiana-amendment-3-youth-prosecution-adult-system/","2025-03-28"
"27472","Support","""... this isn’t about prosecuting 10-year-olds as adults, and it isn’t about prosecuting juveniles for petty crimes. It is limited to 15-and 16-year-olds and for serious felony offenses only.""","State Rep. Debbie Villio (R-79)","https://boltsmag.org/louisiana-amendment-3-youth-prosecution-adult-system/","2025-03-28"
"27472","Support","""... this isn’t about prosecuting 10-year-olds as adults, and it isn’t about prosecuting juveniles for petty crimes. It is limited to 15-and 16-year-olds and for serious felony offenses only.""","State Rep. Debbie Villio (R-79)","https://boltsmag.org/louisiana-amendment-3-youth-prosecution-adult-system/","2025-03-28"
"27472","Support","""... this isn’t about prosecuting 10-year-olds as adults, and it isn’t about prosecuting juveniles for petty crimes. It is limited to 15-and 16-year-olds and for serious felony offenses only.""","State Rep. Debbie Villio (R-79)","https://boltsmag.org/louisiana-amendment-3-youth-prosecution-adult-system/","2025-03-28"
"27473","Support","""Our goal was to make sure our people are able to keep more of their hard earned income, improve Louisiana’s business climate and limit the growth of government moving forward. We came up with a plan to reset the state and we’ve checked many of the boxes. In the future, we aim to spur economic growth, lower our sales tax rate, and continue to move toward our goal of zero personal income tax. Overall this session has moved the needle in a positive direction.""","House Ways and Means Committee Chair Julie Emerson (R-39)","https://www.kadn.com/news/politics/louisiana-legislature-gets-past-stalemate-passes-gov-landrys-tax-package/article_5fdccfb2-a906-11ef-92c8-23b9c440b088.html","2024-12-20"
"27473","Support","""Our goal was to make sure our people are able to keep more of their hard earned income, improve Louisiana’s business climate and limit the growth of government moving forward. We came up with a plan to reset the state and we’ve checked many of the boxes. In the future, we aim to spur economic growth, lower our sales tax rate, and continue to move toward our goal of zero personal income tax. Overall this session has moved the needle in a positive direction.""","House Ways and Means Committee Chair Julie Emerson (R-39)","https://www.kadn.com/news/politics/louisiana-legislature-gets-past-stalemate-passes-gov-landrys-tax-package/article_5fdccfb2-a906-11ef-92c8-23b9c440b088.html","2024-12-20"
"27473","Support","""Our goal was to make sure our people are able to keep more of their hard earned income, improve Louisiana’s business climate and limit the growth of government moving forward. We came up with a plan to reset the state and we’ve checked many of the boxes. In the future, we aim to spur economic growth, lower our sales tax rate, and continue to move toward our goal of zero personal income tax. Overall this session has moved the needle in a positive direction.""","House Ways and Means Committee Chair Julie Emerson (R-39)","https://www.kadn.com/news/politics/louisiana-legislature-gets-past-stalemate-passes-gov-landrys-tax-package/article_5fdccfb2-a906-11ef-92c8-23b9c440b088.html","2024-12-20"
"27473","Support","""Our goal was to make sure our people are able to keep more of their hard earned income, improve Louisiana’s business climate and limit the growth of government moving forward. We came up with a plan to reset the state and we’ve checked many of the boxes. In the future, we aim to spur economic growth, lower our sales tax rate, and continue to move toward our goal of zero personal income tax. Overall this session has moved the needle in a positive direction.""","House Ways and Means Committee Chair Julie Emerson (R-39)","https://www.kadn.com/news/politics/louisiana-legislature-gets-past-stalemate-passes-gov-landrys-tax-package/article_5fdccfb2-a906-11ef-92c8-23b9c440b088.html","2024-12-20"
"27473","Support","""Our goal was to make sure our people are able to keep more of their hard earned income, improve Louisiana’s business climate and limit the growth of government moving forward. We came up with a plan to reset the state and we’ve checked many of the boxes. In the future, we aim to spur economic growth, lower our sales tax rate, and continue to move toward our goal of zero personal income tax. Overall this session has moved the needle in a positive direction.""","House Ways and Means Committee Chair Julie Emerson (R-39)","https://www.kadn.com/news/politics/louisiana-legislature-gets-past-stalemate-passes-gov-landrys-tax-package/article_5fdccfb2-a906-11ef-92c8-23b9c440b088.html","2024-12-20"
"27473","Support","""Our goal was to make sure our people are able to keep more of their hard earned income, improve Louisiana’s business climate and limit the growth of government moving forward. We came up with a plan to reset the state and we’ve checked many of the boxes. In the future, we aim to spur economic growth, lower our sales tax rate, and continue to move toward our goal of zero personal income tax. Overall this session has moved the needle in a positive direction.""","House Ways and Means Committee Chair Julie Emerson (R-39)","https://www.kadn.com/news/politics/louisiana-legislature-gets-past-stalemate-passes-gov-landrys-tax-package/article_5fdccfb2-a906-11ef-92c8-23b9c440b088.html","2024-12-20"
"27473","Support","""Our goal was to make sure our people are able to keep more of their hard earned income, improve Louisiana’s business climate and limit the growth of government moving forward. We came up with a plan to reset the state and we’ve checked many of the boxes. In the future, we aim to spur economic growth, lower our sales tax rate, and continue to move toward our goal of zero personal income tax. Overall this session has moved the needle in a positive direction.""","House Ways and Means Committee Chair Julie Emerson (R-39)","https://www.kadn.com/news/politics/louisiana-legislature-gets-past-stalemate-passes-gov-landrys-tax-package/article_5fdccfb2-a906-11ef-92c8-23b9c440b088.html","2024-12-20"
"27473","Support","""Our goal was to make sure our people are able to keep more of their hard earned income, improve Louisiana’s business climate and limit the growth of government moving forward. We came up with a plan to reset the state and we’ve checked many of the boxes. In the future, we aim to spur economic growth, lower our sales tax rate, and continue to move toward our goal of zero personal income tax. Overall this session has moved the needle in a positive direction.""","House Ways and Means Committee Chair Julie Emerson (R-39)","https://www.kadn.com/news/politics/louisiana-legislature-gets-past-stalemate-passes-gov-landrys-tax-package/article_5fdccfb2-a906-11ef-92c8-23b9c440b088.html","2024-12-20"
"27473","Support","""Our goal was to make sure our people are able to keep more of their hard earned income, improve Louisiana’s business climate and limit the growth of government moving forward. We came up with a plan to reset the state and we’ve checked many of the boxes. In the future, we aim to spur economic growth, lower our sales tax rate, and continue to move toward our goal of zero personal income tax. Overall this session has moved the needle in a positive direction.""","House Ways and Means Committee Chair Julie Emerson (R-39)","https://www.kadn.com/news/politics/louisiana-legislature-gets-past-stalemate-passes-gov-landrys-tax-package/article_5fdccfb2-a906-11ef-92c8-23b9c440b088.html","2024-12-20"
"27473","Support","""Our goal was to make sure our people are able to keep more of their hard earned income, improve Louisiana’s business climate and limit the growth of government moving forward. We came up with a plan to reset the state and we’ve checked many of the boxes. In the future, we aim to spur economic growth, lower our sales tax rate, and continue to move toward our goal of zero personal income tax. Overall this session has moved the needle in a positive direction.""","House Ways and Means Committee Chair Julie Emerson (R-39)","https://www.kadn.com/news/politics/louisiana-legislature-gets-past-stalemate-passes-gov-landrys-tax-package/article_5fdccfb2-a906-11ef-92c8-23b9c440b088.html","2024-12-20"
"27473","Support","""Our goal was to make sure our people are able to keep more of their hard earned income, improve Louisiana’s business climate and limit the growth of government moving forward. We came up with a plan to reset the state and we’ve checked many of the boxes. In the future, we aim to spur economic growth, lower our sales tax rate, and continue to move toward our goal of zero personal income tax. Overall this session has moved the needle in a positive direction.""","House Ways and Means Committee Chair Julie Emerson (R-39)","https://www.kadn.com/news/politics/louisiana-legislature-gets-past-stalemate-passes-gov-landrys-tax-package/article_5fdccfb2-a906-11ef-92c8-23b9c440b088.html","2024-12-20"
"27473","Support","""Our goal was to make sure our people are able to keep more of their hard earned income, improve Louisiana’s business climate and limit the growth of government moving forward. We came up with a plan to reset the state and we’ve checked many of the boxes. In the future, we aim to spur economic growth, lower our sales tax rate, and continue to move toward our goal of zero personal income tax. Overall this session has moved the needle in a positive direction.""","House Ways and Means Committee Chair Julie Emerson (R-39)","https://www.kadn.com/news/politics/louisiana-legislature-gets-past-stalemate-passes-gov-landrys-tax-package/article_5fdccfb2-a906-11ef-92c8-23b9c440b088.html","2024-12-20"
"27473","Support","""Improving Louisiana’s tax policies optimizes our state for growth. The package of bills we delivered to the Governor will undoubtedly stimulate economic growth and change the state’s overall trajectory. I’m proud of the hard work of the Senate and appreciate our lawmakers for taking the time to come back to Baton Rouge to stabilize our budget ahead of 2025.""","Senate President J. Cameron Henry (R-82)","https://www.kadn.com/news/politics/louisiana-legislature-gets-past-stalemate-passes-gov-landrys-tax-package/article_5fdccfb2-a906-11ef-92c8-23b9c440b088.html","2024-12-20"
"27473","Support","""Improving Louisiana’s tax policies optimizes our state for growth. The package of bills we delivered to the Governor will undoubtedly stimulate economic growth and change the state’s overall trajectory. I’m proud of the hard work of the Senate and appreciate our lawmakers for taking the time to come back to Baton Rouge to stabilize our budget ahead of 2025.""","Senate President J. Cameron Henry (R-82)","https://www.kadn.com/news/politics/louisiana-legislature-gets-past-stalemate-passes-gov-landrys-tax-package/article_5fdccfb2-a906-11ef-92c8-23b9c440b088.html","2024-12-20"
"27473","Support","""Improving Louisiana’s tax policies optimizes our state for growth. The package of bills we delivered to the Governor will undoubtedly stimulate economic growth and change the state’s overall trajectory. I’m proud of the hard work of the Senate and appreciate our lawmakers for taking the time to come back to Baton Rouge to stabilize our budget ahead of 2025.""","Senate President J. Cameron Henry (R-82)","https://www.kadn.com/news/politics/louisiana-legislature-gets-past-stalemate-passes-gov-landrys-tax-package/article_5fdccfb2-a906-11ef-92c8-23b9c440b088.html","2024-12-20"
"27473","Support","""Improving Louisiana’s tax policies optimizes our state for growth. The package of bills we delivered to the Governor will undoubtedly stimulate economic growth and change the state’s overall trajectory. I’m proud of the hard work of the Senate and appreciate our lawmakers for taking the time to come back to Baton Rouge to stabilize our budget ahead of 2025.""","Senate President J. Cameron Henry (R-82)","https://www.kadn.com/news/politics/louisiana-legislature-gets-past-stalemate-passes-gov-landrys-tax-package/article_5fdccfb2-a906-11ef-92c8-23b9c440b088.html","2024-12-20"
"27473","Support","""Improving Louisiana’s tax policies optimizes our state for growth. The package of bills we delivered to the Governor will undoubtedly stimulate economic growth and change the state’s overall trajectory. I’m proud of the hard work of the Senate and appreciate our lawmakers for taking the time to come back to Baton Rouge to stabilize our budget ahead of 2025.""","Senate President J. Cameron Henry (R-82)","https://www.kadn.com/news/politics/louisiana-legislature-gets-past-stalemate-passes-gov-landrys-tax-package/article_5fdccfb2-a906-11ef-92c8-23b9c440b088.html","2024-12-20"
"27473","Support","""Improving Louisiana’s tax policies optimizes our state for growth. The package of bills we delivered to the Governor will undoubtedly stimulate economic growth and change the state’s overall trajectory. I’m proud of the hard work of the Senate and appreciate our lawmakers for taking the time to come back to Baton Rouge to stabilize our budget ahead of 2025.""","Senate President J. Cameron Henry (R-82)","https://www.kadn.com/news/politics/louisiana-legislature-gets-past-stalemate-passes-gov-landrys-tax-package/article_5fdccfb2-a906-11ef-92c8-23b9c440b088.html","2024-12-20"
"27473","Support","""Improving Louisiana’s tax policies optimizes our state for growth. The package of bills we delivered to the Governor will undoubtedly stimulate economic growth and change the state’s overall trajectory. I’m proud of the hard work of the Senate and appreciate our lawmakers for taking the time to come back to Baton Rouge to stabilize our budget ahead of 2025.""","Senate President J. Cameron Henry (R-82)","https://www.kadn.com/news/politics/louisiana-legislature-gets-past-stalemate-passes-gov-landrys-tax-package/article_5fdccfb2-a906-11ef-92c8-23b9c440b088.html","2024-12-20"
"27473","Support","""Improving Louisiana’s tax policies optimizes our state for growth. The package of bills we delivered to the Governor will undoubtedly stimulate economic growth and change the state’s overall trajectory. I’m proud of the hard work of the Senate and appreciate our lawmakers for taking the time to come back to Baton Rouge to stabilize our budget ahead of 2025.""","Senate President J. Cameron Henry (R-82)","https://www.kadn.com/news/politics/louisiana-legislature-gets-past-stalemate-passes-gov-landrys-tax-package/article_5fdccfb2-a906-11ef-92c8-23b9c440b088.html","2024-12-20"
"27473","Support","""Improving Louisiana’s tax policies optimizes our state for growth. The package of bills we delivered to the Governor will undoubtedly stimulate economic growth and change the state’s overall trajectory. I’m proud of the hard work of the Senate and appreciate our lawmakers for taking the time to come back to Baton Rouge to stabilize our budget ahead of 2025.""","Senate President J. Cameron Henry (R-82)","https://www.kadn.com/news/politics/louisiana-legislature-gets-past-stalemate-passes-gov-landrys-tax-package/article_5fdccfb2-a906-11ef-92c8-23b9c440b088.html","2024-12-20"
"27473","Support","""Improving Louisiana’s tax policies optimizes our state for growth. The package of bills we delivered to the Governor will undoubtedly stimulate economic growth and change the state’s overall trajectory. I’m proud of the hard work of the Senate and appreciate our lawmakers for taking the time to come back to Baton Rouge to stabilize our budget ahead of 2025.""","Senate President J. Cameron Henry (R-82)","https://www.kadn.com/news/politics/louisiana-legislature-gets-past-stalemate-passes-gov-landrys-tax-package/article_5fdccfb2-a906-11ef-92c8-23b9c440b088.html","2024-12-20"
"27473","Support","""Improving Louisiana’s tax policies optimizes our state for growth. The package of bills we delivered to the Governor will undoubtedly stimulate economic growth and change the state’s overall trajectory. I’m proud of the hard work of the Senate and appreciate our lawmakers for taking the time to come back to Baton Rouge to stabilize our budget ahead of 2025.""","Senate President J. Cameron Henry (R-82)","https://www.kadn.com/news/politics/louisiana-legislature-gets-past-stalemate-passes-gov-landrys-tax-package/article_5fdccfb2-a906-11ef-92c8-23b9c440b088.html","2024-12-20"
"27473","Support","""Improving Louisiana’s tax policies optimizes our state for growth. The package of bills we delivered to the Governor will undoubtedly stimulate economic growth and change the state’s overall trajectory. I’m proud of the hard work of the Senate and appreciate our lawmakers for taking the time to come back to Baton Rouge to stabilize our budget ahead of 2025.""","Senate President J. Cameron Henry (R-82)","https://www.kadn.com/news/politics/louisiana-legislature-gets-past-stalemate-passes-gov-landrys-tax-package/article_5fdccfb2-a906-11ef-92c8-23b9c440b088.html","2024-12-20"
"27473","Support","""Making sure everyone who pays income taxes sees a reduction is a big win for the people of Louisiana. This Legislature managed to reduce the state’s regressive personal income tax rates from 1.85%, 3.5% and 4.25% to a flat rate of 3% for everybody while increasing the standard deduction ensuring everyone in Louisiana pays less, and the lowest wage earners won’t pay any income tax.""","State Rep. Mark Wright (R-77)","https://www.kadn.com/news/politics/louisiana-legislature-gets-past-stalemate-passes-gov-landrys-tax-package/article_5fdccfb2-a906-11ef-92c8-23b9c440b088.html","2024-12-20"
"27473","Support","""Making sure everyone who pays income taxes sees a reduction is a big win for the people of Louisiana. This Legislature managed to reduce the state’s regressive personal income tax rates from 1.85%, 3.5% and 4.25% to a flat rate of 3% for everybody while increasing the standard deduction ensuring everyone in Louisiana pays less, and the lowest wage earners won’t pay any income tax.""","State Rep. Mark Wright (R-77)","https://www.kadn.com/news/politics/louisiana-legislature-gets-past-stalemate-passes-gov-landrys-tax-package/article_5fdccfb2-a906-11ef-92c8-23b9c440b088.html","2024-12-20"
"27473","Support","""Making sure everyone who pays income taxes sees a reduction is a big win for the people of Louisiana. This Legislature managed to reduce the state’s regressive personal income tax rates from 1.85%, 3.5% and 4.25% to a flat rate of 3% for everybody while increasing the standard deduction ensuring everyone in Louisiana pays less, and the lowest wage earners won’t pay any income tax.""","State Rep. Mark Wright (R-77)","https://www.kadn.com/news/politics/louisiana-legislature-gets-past-stalemate-passes-gov-landrys-tax-package/article_5fdccfb2-a906-11ef-92c8-23b9c440b088.html","2024-12-20"
"27473","Support","""Making sure everyone who pays income taxes sees a reduction is a big win for the people of Louisiana. This Legislature managed to reduce the state’s regressive personal income tax rates from 1.85%, 3.5% and 4.25% to a flat rate of 3% for everybody while increasing the standard deduction ensuring everyone in Louisiana pays less, and the lowest wage earners won’t pay any income tax.""","State Rep. Mark Wright (R-77)","https://www.kadn.com/news/politics/louisiana-legislature-gets-past-stalemate-passes-gov-landrys-tax-package/article_5fdccfb2-a906-11ef-92c8-23b9c440b088.html","2024-12-20"
"27473","Support","""Making sure everyone who pays income taxes sees a reduction is a big win for the people of Louisiana. This Legislature managed to reduce the state’s regressive personal income tax rates from 1.85%, 3.5% and 4.25% to a flat rate of 3% for everybody while increasing the standard deduction ensuring everyone in Louisiana pays less, and the lowest wage earners won’t pay any income tax.""","State Rep. Mark Wright (R-77)","https://www.kadn.com/news/politics/louisiana-legislature-gets-past-stalemate-passes-gov-landrys-tax-package/article_5fdccfb2-a906-11ef-92c8-23b9c440b088.html","2024-12-20"
"27473","Support","""Making sure everyone who pays income taxes sees a reduction is a big win for the people of Louisiana. This Legislature managed to reduce the state’s regressive personal income tax rates from 1.85%, 3.5% and 4.25% to a flat rate of 3% for everybody while increasing the standard deduction ensuring everyone in Louisiana pays less, and the lowest wage earners won’t pay any income tax.""","State Rep. Mark Wright (R-77)","https://www.kadn.com/news/politics/louisiana-legislature-gets-past-stalemate-passes-gov-landrys-tax-package/article_5fdccfb2-a906-11ef-92c8-23b9c440b088.html","2024-12-20"
"27473","Support","""Making sure everyone who pays income taxes sees a reduction is a big win for the people of Louisiana. This Legislature managed to reduce the state’s regressive personal income tax rates from 1.85%, 3.5% and 4.25% to a flat rate of 3% for everybody while increasing the standard deduction ensuring everyone in Louisiana pays less, and the lowest wage earners won’t pay any income tax.""","State Rep. Mark Wright (R-77)","https://www.kadn.com/news/politics/louisiana-legislature-gets-past-stalemate-passes-gov-landrys-tax-package/article_5fdccfb2-a906-11ef-92c8-23b9c440b088.html","2024-12-20"
"27473","Support","""Making sure everyone who pays income taxes sees a reduction is a big win for the people of Louisiana. This Legislature managed to reduce the state’s regressive personal income tax rates from 1.85%, 3.5% and 4.25% to a flat rate of 3% for everybody while increasing the standard deduction ensuring everyone in Louisiana pays less, and the lowest wage earners won’t pay any income tax.""","State Rep. Mark Wright (R-77)","https://www.kadn.com/news/politics/louisiana-legislature-gets-past-stalemate-passes-gov-landrys-tax-package/article_5fdccfb2-a906-11ef-92c8-23b9c440b088.html","2024-12-20"
"27473","Support","""Making sure everyone who pays income taxes sees a reduction is a big win for the people of Louisiana. This Legislature managed to reduce the state’s regressive personal income tax rates from 1.85%, 3.5% and 4.25% to a flat rate of 3% for everybody while increasing the standard deduction ensuring everyone in Louisiana pays less, and the lowest wage earners won’t pay any income tax.""","State Rep. Mark Wright (R-77)","https://www.kadn.com/news/politics/louisiana-legislature-gets-past-stalemate-passes-gov-landrys-tax-package/article_5fdccfb2-a906-11ef-92c8-23b9c440b088.html","2024-12-20"
"27473","Support","""Making sure everyone who pays income taxes sees a reduction is a big win for the people of Louisiana. This Legislature managed to reduce the state’s regressive personal income tax rates from 1.85%, 3.5% and 4.25% to a flat rate of 3% for everybody while increasing the standard deduction ensuring everyone in Louisiana pays less, and the lowest wage earners won’t pay any income tax.""","State Rep. Mark Wright (R-77)","https://www.kadn.com/news/politics/louisiana-legislature-gets-past-stalemate-passes-gov-landrys-tax-package/article_5fdccfb2-a906-11ef-92c8-23b9c440b088.html","2024-12-20"
"27473","Support","""Making sure everyone who pays income taxes sees a reduction is a big win for the people of Louisiana. This Legislature managed to reduce the state’s regressive personal income tax rates from 1.85%, 3.5% and 4.25% to a flat rate of 3% for everybody while increasing the standard deduction ensuring everyone in Louisiana pays less, and the lowest wage earners won’t pay any income tax.""","State Rep. Mark Wright (R-77)","https://www.kadn.com/news/politics/louisiana-legislature-gets-past-stalemate-passes-gov-landrys-tax-package/article_5fdccfb2-a906-11ef-92c8-23b9c440b088.html","2024-12-20"
"27473","Support","""Making sure everyone who pays income taxes sees a reduction is a big win for the people of Louisiana. This Legislature managed to reduce the state’s regressive personal income tax rates from 1.85%, 3.5% and 4.25% to a flat rate of 3% for everybody while increasing the standard deduction ensuring everyone in Louisiana pays less, and the lowest wage earners won’t pay any income tax.""","State Rep. Mark Wright (R-77)","https://www.kadn.com/news/politics/louisiana-legislature-gets-past-stalemate-passes-gov-landrys-tax-package/article_5fdccfb2-a906-11ef-92c8-23b9c440b088.html","2024-12-20"
"27473","Support","""The time to rewrite Louisiana’s story is now. Rather than remaining a state where taxes, the cost-of-living, and outmigration are high, we are calling on voters to support Amendment 2 and rewrite our story so that our state becomes a place where raising a family, investing in business, and obtaining an education is highly sought after. With our leaders already passing transformative tax reform, AFP-LA will work to get Amendment 2 passed to ensure our future is founded on growth and opportunity for all.""","Americans for Prosperity of Louisiana","https://americansforprosperity.org/featured/afp-la-announces-support-for-constitutional-amendment-ballot-initiative-says-its-time-to-rewrite-louisiana/","2025-02-17"
"27473","Support","""The time to rewrite Louisiana’s story is now. Rather than remaining a state where taxes, the cost-of-living, and outmigration are high, we are calling on voters to support Amendment 2 and rewrite our story so that our state becomes a place where raising a family, investing in business, and obtaining an education is highly sought after. With our leaders already passing transformative tax reform, AFP-LA will work to get Amendment 2 passed to ensure our future is founded on growth and opportunity for all.""","Americans for Prosperity of Louisiana","https://americansforprosperity.org/featured/afp-la-announces-support-for-constitutional-amendment-ballot-initiative-says-its-time-to-rewrite-louisiana/","2025-02-17"
"27473","Support","""The time to rewrite Louisiana’s story is now. Rather than remaining a state where taxes, the cost-of-living, and outmigration are high, we are calling on voters to support Amendment 2 and rewrite our story so that our state becomes a place where raising a family, investing in business, and obtaining an education is highly sought after. With our leaders already passing transformative tax reform, AFP-LA will work to get Amendment 2 passed to ensure our future is founded on growth and opportunity for all.""","Americans for Prosperity of Louisiana","https://americansforprosperity.org/featured/afp-la-announces-support-for-constitutional-amendment-ballot-initiative-says-its-time-to-rewrite-louisiana/","2025-02-17"
"27473","Support","""The time to rewrite Louisiana’s story is now. Rather than remaining a state where taxes, the cost-of-living, and outmigration are high, we are calling on voters to support Amendment 2 and rewrite our story so that our state becomes a place where raising a family, investing in business, and obtaining an education is highly sought after. With our leaders already passing transformative tax reform, AFP-LA will work to get Amendment 2 passed to ensure our future is founded on growth and opportunity for all.""","Americans for Prosperity of Louisiana","https://americansforprosperity.org/featured/afp-la-announces-support-for-constitutional-amendment-ballot-initiative-says-its-time-to-rewrite-louisiana/","2025-02-17"
"27473","Support","""The time to rewrite Louisiana’s story is now. Rather than remaining a state where taxes, the cost-of-living, and outmigration are high, we are calling on voters to support Amendment 2 and rewrite our story so that our state becomes a place where raising a family, investing in business, and obtaining an education is highly sought after. With our leaders already passing transformative tax reform, AFP-LA will work to get Amendment 2 passed to ensure our future is founded on growth and opportunity for all.""","Americans for Prosperity of Louisiana","https://americansforprosperity.org/featured/afp-la-announces-support-for-constitutional-amendment-ballot-initiative-says-its-time-to-rewrite-louisiana/","2025-02-17"
"27473","Support","""The time to rewrite Louisiana’s story is now. Rather than remaining a state where taxes, the cost-of-living, and outmigration are high, we are calling on voters to support Amendment 2 and rewrite our story so that our state becomes a place where raising a family, investing in business, and obtaining an education is highly sought after. With our leaders already passing transformative tax reform, AFP-LA will work to get Amendment 2 passed to ensure our future is founded on growth and opportunity for all.""","Americans for Prosperity of Louisiana","https://americansforprosperity.org/featured/afp-la-announces-support-for-constitutional-amendment-ballot-initiative-says-its-time-to-rewrite-louisiana/","2025-02-17"
"27473","Support","""The time to rewrite Louisiana’s story is now. Rather than remaining a state where taxes, the cost-of-living, and outmigration are high, we are calling on voters to support Amendment 2 and rewrite our story so that our state becomes a place where raising a family, investing in business, and obtaining an education is highly sought after. With our leaders already passing transformative tax reform, AFP-LA will work to get Amendment 2 passed to ensure our future is founded on growth and opportunity for all.""","Americans for Prosperity of Louisiana","https://americansforprosperity.org/featured/afp-la-announces-support-for-constitutional-amendment-ballot-initiative-says-its-time-to-rewrite-louisiana/","2025-02-17"
"27473","Support","""The time to rewrite Louisiana’s story is now. Rather than remaining a state where taxes, the cost-of-living, and outmigration are high, we are calling on voters to support Amendment 2 and rewrite our story so that our state becomes a place where raising a family, investing in business, and obtaining an education is highly sought after. With our leaders already passing transformative tax reform, AFP-LA will work to get Amendment 2 passed to ensure our future is founded on growth and opportunity for all.""","Americans for Prosperity of Louisiana","https://americansforprosperity.org/featured/afp-la-announces-support-for-constitutional-amendment-ballot-initiative-says-its-time-to-rewrite-louisiana/","2025-02-17"
"27473","Support","""The time to rewrite Louisiana’s story is now. Rather than remaining a state where taxes, the cost-of-living, and outmigration are high, we are calling on voters to support Amendment 2 and rewrite our story so that our state becomes a place where raising a family, investing in business, and obtaining an education is highly sought after. With our leaders already passing transformative tax reform, AFP-LA will work to get Amendment 2 passed to ensure our future is founded on growth and opportunity for all.""","Americans for Prosperity of Louisiana","https://americansforprosperity.org/featured/afp-la-announces-support-for-constitutional-amendment-ballot-initiative-says-its-time-to-rewrite-louisiana/","2025-02-17"
"27473","Support","""The time to rewrite Louisiana’s story is now. Rather than remaining a state where taxes, the cost-of-living, and outmigration are high, we are calling on voters to support Amendment 2 and rewrite our story so that our state becomes a place where raising a family, investing in business, and obtaining an education is highly sought after. With our leaders already passing transformative tax reform, AFP-LA will work to get Amendment 2 passed to ensure our future is founded on growth and opportunity for all.""","Americans for Prosperity of Louisiana","https://americansforprosperity.org/featured/afp-la-announces-support-for-constitutional-amendment-ballot-initiative-says-its-time-to-rewrite-louisiana/","2025-02-17"
"27473","Support","""The time to rewrite Louisiana’s story is now. Rather than remaining a state where taxes, the cost-of-living, and outmigration are high, we are calling on voters to support Amendment 2 and rewrite our story so that our state becomes a place where raising a family, investing in business, and obtaining an education is highly sought after. With our leaders already passing transformative tax reform, AFP-LA will work to get Amendment 2 passed to ensure our future is founded on growth and opportunity for all.""","Americans for Prosperity of Louisiana","https://americansforprosperity.org/featured/afp-la-announces-support-for-constitutional-amendment-ballot-initiative-says-its-time-to-rewrite-louisiana/","2025-02-17"
"27473","Support","""The time to rewrite Louisiana’s story is now. Rather than remaining a state where taxes, the cost-of-living, and outmigration are high, we are calling on voters to support Amendment 2 and rewrite our story so that our state becomes a place where raising a family, investing in business, and obtaining an education is highly sought after. With our leaders already passing transformative tax reform, AFP-LA will work to get Amendment 2 passed to ensure our future is founded on growth and opportunity for all.""","Americans for Prosperity of Louisiana","https://americansforprosperity.org/featured/afp-la-announces-support-for-constitutional-amendment-ballot-initiative-says-its-time-to-rewrite-louisiana/","2025-02-17"
"27473","Oppose","""The bottom line is, this is a very complex amendment that did not get nearly enough scrutiny during the special session. Changes of this magnitude to the longest article in the state constitution deserve a full public debate, not this smoke and mirrors process that we saw in November.""","Jan Moller, director of Invest in Louisiana","https://www.kplctv.com/2025/02/25/groups-form-anti-amendments-coalition-ahead-march-29-ballot/","2025-02-26"
"27473","Oppose","""The bottom line is, this is a very complex amendment that did not get nearly enough scrutiny during the special session. Changes of this magnitude to the longest article in the state constitution deserve a full public debate, not this smoke and mirrors process that we saw in November.""","Jan Moller, director of Invest in Louisiana","https://www.kplctv.com/2025/02/25/groups-form-anti-amendments-coalition-ahead-march-29-ballot/","2025-02-26"
"27473","Oppose","""The bottom line is, this is a very complex amendment that did not get nearly enough scrutiny during the special session. Changes of this magnitude to the longest article in the state constitution deserve a full public debate, not this smoke and mirrors process that we saw in November.""","Jan Moller, director of Invest in Louisiana","https://www.kplctv.com/2025/02/25/groups-form-anti-amendments-coalition-ahead-march-29-ballot/","2025-02-26"
"27473","Oppose","""The bottom line is, this is a very complex amendment that did not get nearly enough scrutiny during the special session. Changes of this magnitude to the longest article in the state constitution deserve a full public debate, not this smoke and mirrors process that we saw in November.""","Jan Moller, director of Invest in Louisiana","https://www.kplctv.com/2025/02/25/groups-form-anti-amendments-coalition-ahead-march-29-ballot/","2025-02-26"
"27473","Oppose","""The bottom line is, this is a very complex amendment that did not get nearly enough scrutiny during the special session. Changes of this magnitude to the longest article in the state constitution deserve a full public debate, not this smoke and mirrors process that we saw in November.""","Jan Moller, director of Invest in Louisiana","https://www.kplctv.com/2025/02/25/groups-form-anti-amendments-coalition-ahead-march-29-ballot/","2025-02-26"
"27473","Oppose","""The bottom line is, this is a very complex amendment that did not get nearly enough scrutiny during the special session. Changes of this magnitude to the longest article in the state constitution deserve a full public debate, not this smoke and mirrors process that we saw in November.""","Jan Moller, director of Invest in Louisiana","https://www.kplctv.com/2025/02/25/groups-form-anti-amendments-coalition-ahead-march-29-ballot/","2025-02-26"
"27473","Oppose","""The bottom line is, this is a very complex amendment that did not get nearly enough scrutiny during the special session. Changes of this magnitude to the longest article in the state constitution deserve a full public debate, not this smoke and mirrors process that we saw in November.""","Jan Moller, director of Invest in Louisiana","https://www.kplctv.com/2025/02/25/groups-form-anti-amendments-coalition-ahead-march-29-ballot/","2025-02-26"
"27473","Oppose","""The bottom line is, this is a very complex amendment that did not get nearly enough scrutiny during the special session. Changes of this magnitude to the longest article in the state constitution deserve a full public debate, not this smoke and mirrors process that we saw in November.""","Jan Moller, director of Invest in Louisiana","https://www.kplctv.com/2025/02/25/groups-form-anti-amendments-coalition-ahead-march-29-ballot/","2025-02-26"
"27473","Oppose","""The bottom line is, this is a very complex amendment that did not get nearly enough scrutiny during the special session. Changes of this magnitude to the longest article in the state constitution deserve a full public debate, not this smoke and mirrors process that we saw in November.""","Jan Moller, director of Invest in Louisiana","https://www.kplctv.com/2025/02/25/groups-form-anti-amendments-coalition-ahead-march-29-ballot/","2025-02-26"
"27473","Oppose","""The bottom line is, this is a very complex amendment that did not get nearly enough scrutiny during the special session. Changes of this magnitude to the longest article in the state constitution deserve a full public debate, not this smoke and mirrors process that we saw in November.""","Jan Moller, director of Invest in Louisiana","https://www.kplctv.com/2025/02/25/groups-form-anti-amendments-coalition-ahead-march-29-ballot/","2025-02-26"
"27473","Oppose","""The bottom line is, this is a very complex amendment that did not get nearly enough scrutiny during the special session. Changes of this magnitude to the longest article in the state constitution deserve a full public debate, not this smoke and mirrors process that we saw in November.""","Jan Moller, director of Invest in Louisiana","https://www.kplctv.com/2025/02/25/groups-form-anti-amendments-coalition-ahead-march-29-ballot/","2025-02-26"
"27473","Oppose","""The bottom line is, this is a very complex amendment that did not get nearly enough scrutiny during the special session. Changes of this magnitude to the longest article in the state constitution deserve a full public debate, not this smoke and mirrors process that we saw in November.""","Jan Moller, director of Invest in Louisiana","https://www.kplctv.com/2025/02/25/groups-form-anti-amendments-coalition-ahead-march-29-ballot/","2025-02-26"
"27473","Oppose","""Legislators boiled down Amendment 2 from 109 pages to just 91 words, and used vague and confusing phrases like 'modify operation of certain constitutional funds' and 'make other modifications' when they mean cap the amount the rich pay in taxes while gutting education and transportation funding.""","Say No! to Them All","https://www.notothemall.org/","2025-02-26"
"27473","Oppose","""Legislators boiled down Amendment 2 from 109 pages to just 91 words, and used vague and confusing phrases like 'modify operation of certain constitutional funds' and 'make other modifications' when they mean cap the amount the rich pay in taxes while gutting education and transportation funding.""","Say No! to Them All","https://www.notothemall.org/","2025-02-26"
"27473","Oppose","""Legislators boiled down Amendment 2 from 109 pages to just 91 words, and used vague and confusing phrases like 'modify operation of certain constitutional funds' and 'make other modifications' when they mean cap the amount the rich pay in taxes while gutting education and transportation funding.""","Say No! to Them All","https://www.notothemall.org/","2025-02-26"
"27473","Oppose","""Legislators boiled down Amendment 2 from 109 pages to just 91 words, and used vague and confusing phrases like 'modify operation of certain constitutional funds' and 'make other modifications' when they mean cap the amount the rich pay in taxes while gutting education and transportation funding.""","Say No! to Them All","https://www.notothemall.org/","2025-02-26"
"27473","Oppose","""Legislators boiled down Amendment 2 from 109 pages to just 91 words, and used vague and confusing phrases like 'modify operation of certain constitutional funds' and 'make other modifications' when they mean cap the amount the rich pay in taxes while gutting education and transportation funding.""","Say No! to Them All","https://www.notothemall.org/","2025-02-26"
"27473","Oppose","""Legislators boiled down Amendment 2 from 109 pages to just 91 words, and used vague and confusing phrases like 'modify operation of certain constitutional funds' and 'make other modifications' when they mean cap the amount the rich pay in taxes while gutting education and transportation funding.""","Say No! to Them All","https://www.notothemall.org/","2025-02-26"
"27473","Oppose","""Legislators boiled down Amendment 2 from 109 pages to just 91 words, and used vague and confusing phrases like 'modify operation of certain constitutional funds' and 'make other modifications' when they mean cap the amount the rich pay in taxes while gutting education and transportation funding.""","Say No! to Them All","https://www.notothemall.org/","2025-02-26"
"27473","Oppose","""Legislators boiled down Amendment 2 from 109 pages to just 91 words, and used vague and confusing phrases like 'modify operation of certain constitutional funds' and 'make other modifications' when they mean cap the amount the rich pay in taxes while gutting education and transportation funding.""","Say No! to Them All","https://www.notothemall.org/","2025-02-26"
"27473","Oppose","""Legislators boiled down Amendment 2 from 109 pages to just 91 words, and used vague and confusing phrases like 'modify operation of certain constitutional funds' and 'make other modifications' when they mean cap the amount the rich pay in taxes while gutting education and transportation funding.""","Say No! to Them All","https://www.notothemall.org/","2025-02-26"
"27473","Oppose","""Legislators boiled down Amendment 2 from 109 pages to just 91 words, and used vague and confusing phrases like 'modify operation of certain constitutional funds' and 'make other modifications' when they mean cap the amount the rich pay in taxes while gutting education and transportation funding.""","Say No! to Them All","https://www.notothemall.org/","2025-02-26"
"27473","Oppose","""Legislators boiled down Amendment 2 from 109 pages to just 91 words, and used vague and confusing phrases like 'modify operation of certain constitutional funds' and 'make other modifications' when they mean cap the amount the rich pay in taxes while gutting education and transportation funding.""","Say No! to Them All","https://www.notothemall.org/","2025-02-26"
"27473","Oppose","""Legislators boiled down Amendment 2 from 109 pages to just 91 words, and used vague and confusing phrases like 'modify operation of certain constitutional funds' and 'make other modifications' when they mean cap the amount the rich pay in taxes while gutting education and transportation funding.""","Say No! to Them All","https://www.notothemall.org/","2025-02-26"
"27473","Support","""Louisiana needs to revisit the general tax regulations in its constitution to reflect current tax
debates and policies in state law. Lowering the income tax cap and adding an enhanced deduction
for senior citizens into the document ensures future legislators can’t easily reverse tax benefits for
people and businesses. Making it more difficult to enact tax breaks keeps special interests from
easily winning passage of carveouts that benefit too few. Local governments deserve a greater
share of severance tax generated from land in their parishes.""","Public Affairs Research Council of Louisiana Voter Guide","https://parlouisiana.org/wp-content/uploads/2025/02/PAR-Guide-to-the-2025-Constitutional-Amendments.pdf","2025-02-26"
"27473","Support","""Louisiana needs to revisit the general tax regulations in its constitution to reflect current tax
debates and policies in state law. Lowering the income tax cap and adding an enhanced deduction
for senior citizens into the document ensures future legislators can’t easily reverse tax benefits for
people and businesses. Making it more difficult to enact tax breaks keeps special interests from
easily winning passage of carveouts that benefit too few. Local governments deserve a greater
share of severance tax generated from land in their parishes.""","Public Affairs Research Council of Louisiana Voter Guide","https://parlouisiana.org/wp-content/uploads/2025/02/PAR-Guide-to-the-2025-Constitutional-Amendments.pdf","2025-02-26"
"27473","Support","""Louisiana needs to revisit the general tax regulations in its constitution to reflect current tax
debates and policies in state law. Lowering the income tax cap and adding an enhanced deduction
for senior citizens into the document ensures future legislators can’t easily reverse tax benefits for
people and businesses. Making it more difficult to enact tax breaks keeps special interests from
easily winning passage of carveouts that benefit too few. Local governments deserve a greater
share of severance tax generated from land in their parishes.""","Public Affairs Research Council of Louisiana Voter Guide","https://parlouisiana.org/wp-content/uploads/2025/02/PAR-Guide-to-the-2025-Constitutional-Amendments.pdf","2025-02-26"
"27473","Support","""Louisiana needs to revisit the general tax regulations in its constitution to reflect current tax
debates and policies in state law. Lowering the income tax cap and adding an enhanced deduction
for senior citizens into the document ensures future legislators can’t easily reverse tax benefits for
people and businesses. Making it more difficult to enact tax breaks keeps special interests from
easily winning passage of carveouts that benefit too few. Local governments deserve a greater
share of severance tax generated from land in their parishes.""","Public Affairs Research Council of Louisiana Voter Guide","https://parlouisiana.org/wp-content/uploads/2025/02/PAR-Guide-to-the-2025-Constitutional-Amendments.pdf","2025-02-26"
"27473","Support","""Louisiana needs to revisit the general tax regulations in its constitution to reflect current tax
debates and policies in state law. Lowering the income tax cap and adding an enhanced deduction
for senior citizens into the document ensures future legislators can’t easily reverse tax benefits for
people and businesses. Making it more difficult to enact tax breaks keeps special interests from
easily winning passage of carveouts that benefit too few. Local governments deserve a greater
share of severance tax generated from land in their parishes.""","Public Affairs Research Council of Louisiana Voter Guide","https://parlouisiana.org/wp-content/uploads/2025/02/PAR-Guide-to-the-2025-Constitutional-Amendments.pdf","2025-02-26"
"27473","Support","""Louisiana needs to revisit the general tax regulations in its constitution to reflect current tax
debates and policies in state law. Lowering the income tax cap and adding an enhanced deduction
for senior citizens into the document ensures future legislators can’t easily reverse tax benefits for
people and businesses. Making it more difficult to enact tax breaks keeps special interests from
easily winning passage of carveouts that benefit too few. Local governments deserve a greater
share of severance tax generated from land in their parishes.""","Public Affairs Research Council of Louisiana Voter Guide","https://parlouisiana.org/wp-content/uploads/2025/02/PAR-Guide-to-the-2025-Constitutional-Amendments.pdf","2025-02-26"
"27473","Support","""Louisiana needs to revisit the general tax regulations in its constitution to reflect current tax
debates and policies in state law. Lowering the income tax cap and adding an enhanced deduction
for senior citizens into the document ensures future legislators can’t easily reverse tax benefits for
people and businesses. Making it more difficult to enact tax breaks keeps special interests from
easily winning passage of carveouts that benefit too few. Local governments deserve a greater
share of severance tax generated from land in their parishes.""","Public Affairs Research Council of Louisiana Voter Guide","https://parlouisiana.org/wp-content/uploads/2025/02/PAR-Guide-to-the-2025-Constitutional-Amendments.pdf","2025-02-26"
"27473","Support","""Louisiana needs to revisit the general tax regulations in its constitution to reflect current tax
debates and policies in state law. Lowering the income tax cap and adding an enhanced deduction
for senior citizens into the document ensures future legislators can’t easily reverse tax benefits for
people and businesses. Making it more difficult to enact tax breaks keeps special interests from
easily winning passage of carveouts that benefit too few. Local governments deserve a greater
share of severance tax generated from land in their parishes.""","Public Affairs Research Council of Louisiana Voter Guide","https://parlouisiana.org/wp-content/uploads/2025/02/PAR-Guide-to-the-2025-Constitutional-Amendments.pdf","2025-02-26"
"27473","Support","""Louisiana needs to revisit the general tax regulations in its constitution to reflect current tax
debates and policies in state law. Lowering the income tax cap and adding an enhanced deduction
for senior citizens into the document ensures future legislators can’t easily reverse tax benefits for
people and businesses. Making it more difficult to enact tax breaks keeps special interests from
easily winning passage of carveouts that benefit too few. Local governments deserve a greater
share of severance tax generated from land in their parishes.""","Public Affairs Research Council of Louisiana Voter Guide","https://parlouisiana.org/wp-content/uploads/2025/02/PAR-Guide-to-the-2025-Constitutional-Amendments.pdf","2025-02-26"
"27473","Support","""Louisiana needs to revisit the general tax regulations in its constitution to reflect current tax
debates and policies in state law. Lowering the income tax cap and adding an enhanced deduction
for senior citizens into the document ensures future legislators can’t easily reverse tax benefits for
people and businesses. Making it more difficult to enact tax breaks keeps special interests from
easily winning passage of carveouts that benefit too few. Local governments deserve a greater
share of severance tax generated from land in their parishes.""","Public Affairs Research Council of Louisiana Voter Guide","https://parlouisiana.org/wp-content/uploads/2025/02/PAR-Guide-to-the-2025-Constitutional-Amendments.pdf","2025-02-26"
"27473","Support","""Louisiana needs to revisit the general tax regulations in its constitution to reflect current tax
debates and policies in state law. Lowering the income tax cap and adding an enhanced deduction
for senior citizens into the document ensures future legislators can’t easily reverse tax benefits for
people and businesses. Making it more difficult to enact tax breaks keeps special interests from
easily winning passage of carveouts that benefit too few. Local governments deserve a greater
share of severance tax generated from land in their parishes.""","Public Affairs Research Council of Louisiana Voter Guide","https://parlouisiana.org/wp-content/uploads/2025/02/PAR-Guide-to-the-2025-Constitutional-Amendments.pdf","2025-02-26"
"27473","Support","""Louisiana needs to revisit the general tax regulations in its constitution to reflect current tax
debates and policies in state law. Lowering the income tax cap and adding an enhanced deduction
for senior citizens into the document ensures future legislators can’t easily reverse tax benefits for
people and businesses. Making it more difficult to enact tax breaks keeps special interests from
easily winning passage of carveouts that benefit too few. Local governments deserve a greater
share of severance tax generated from land in their parishes.""","Public Affairs Research Council of Louisiana Voter Guide","https://parlouisiana.org/wp-content/uploads/2025/02/PAR-Guide-to-the-2025-Constitutional-Amendments.pdf","2025-02-26"
"27473","Oppose","""The constitution is cluttered with too much tax specificity that would be better left to state law.
Lowering the cap on the income tax and adding an enhanced deduction for senior citizens into
the document is designed only to win amendment passage; it is not good policymaking. Making it
tougher to enact tax breaks limits legislative flexibility and the potential benefits that people and
businesses could receive through exemptions. The state cannot afford budget gaps that could be
created by giving parishes more severance tax money.""","Public Affairs Research Council of Louisiana Voter Guide","https://parlouisiana.org/wp-content/uploads/2025/02/PAR-Guide-to-the-2025-Constitutional-Amendments.pdf","2025-02-26"
"27473","Oppose","""The constitution is cluttered with too much tax specificity that would be better left to state law.
Lowering the cap on the income tax and adding an enhanced deduction for senior citizens into
the document is designed only to win amendment passage; it is not good policymaking. Making it
tougher to enact tax breaks limits legislative flexibility and the potential benefits that people and
businesses could receive through exemptions. The state cannot afford budget gaps that could be
created by giving parishes more severance tax money.""","Public Affairs Research Council of Louisiana Voter Guide","https://parlouisiana.org/wp-content/uploads/2025/02/PAR-Guide-to-the-2025-Constitutional-Amendments.pdf","2025-02-26"
"27473","Oppose","""The constitution is cluttered with too much tax specificity that would be better left to state law.
Lowering the cap on the income tax and adding an enhanced deduction for senior citizens into
the document is designed only to win amendment passage; it is not good policymaking. Making it
tougher to enact tax breaks limits legislative flexibility and the potential benefits that people and
businesses could receive through exemptions. The state cannot afford budget gaps that could be
created by giving parishes more severance tax money.""","Public Affairs Research Council of Louisiana Voter Guide","https://parlouisiana.org/wp-content/uploads/2025/02/PAR-Guide-to-the-2025-Constitutional-Amendments.pdf","2025-02-26"
"27473","Oppose","""The constitution is cluttered with too much tax specificity that would be better left to state law.
Lowering the cap on the income tax and adding an enhanced deduction for senior citizens into
the document is designed only to win amendment passage; it is not good policymaking. Making it
tougher to enact tax breaks limits legislative flexibility and the potential benefits that people and
businesses could receive through exemptions. The state cannot afford budget gaps that could be
created by giving parishes more severance tax money.""","Public Affairs Research Council of Louisiana Voter Guide","https://parlouisiana.org/wp-content/uploads/2025/02/PAR-Guide-to-the-2025-Constitutional-Amendments.pdf","2025-02-26"
"27473","Oppose","""The constitution is cluttered with too much tax specificity that would be better left to state law.
Lowering the cap on the income tax and adding an enhanced deduction for senior citizens into
the document is designed only to win amendment passage; it is not good policymaking. Making it
tougher to enact tax breaks limits legislative flexibility and the potential benefits that people and
businesses could receive through exemptions. The state cannot afford budget gaps that could be
created by giving parishes more severance tax money.""","Public Affairs Research Council of Louisiana Voter Guide","https://parlouisiana.org/wp-content/uploads/2025/02/PAR-Guide-to-the-2025-Constitutional-Amendments.pdf","2025-02-26"
"27473","Oppose","""The constitution is cluttered with too much tax specificity that would be better left to state law.
Lowering the cap on the income tax and adding an enhanced deduction for senior citizens into
the document is designed only to win amendment passage; it is not good policymaking. Making it
tougher to enact tax breaks limits legislative flexibility and the potential benefits that people and
businesses could receive through exemptions. The state cannot afford budget gaps that could be
created by giving parishes more severance tax money.""","Public Affairs Research Council of Louisiana Voter Guide","https://parlouisiana.org/wp-content/uploads/2025/02/PAR-Guide-to-the-2025-Constitutional-Amendments.pdf","2025-02-26"
"27473","Oppose","""The constitution is cluttered with too much tax specificity that would be better left to state law.
Lowering the cap on the income tax and adding an enhanced deduction for senior citizens into
the document is designed only to win amendment passage; it is not good policymaking. Making it
tougher to enact tax breaks limits legislative flexibility and the potential benefits that people and
businesses could receive through exemptions. The state cannot afford budget gaps that could be
created by giving parishes more severance tax money.""","Public Affairs Research Council of Louisiana Voter Guide","https://parlouisiana.org/wp-content/uploads/2025/02/PAR-Guide-to-the-2025-Constitutional-Amendments.pdf","2025-02-26"
"27473","Oppose","""The constitution is cluttered with too much tax specificity that would be better left to state law.
Lowering the cap on the income tax and adding an enhanced deduction for senior citizens into
the document is designed only to win amendment passage; it is not good policymaking. Making it
tougher to enact tax breaks limits legislative flexibility and the potential benefits that people and
businesses could receive through exemptions. The state cannot afford budget gaps that could be
created by giving parishes more severance tax money.""","Public Affairs Research Council of Louisiana Voter Guide","https://parlouisiana.org/wp-content/uploads/2025/02/PAR-Guide-to-the-2025-Constitutional-Amendments.pdf","2025-02-26"
"27473","Oppose","""The constitution is cluttered with too much tax specificity that would be better left to state law.
Lowering the cap on the income tax and adding an enhanced deduction for senior citizens into
the document is designed only to win amendment passage; it is not good policymaking. Making it
tougher to enact tax breaks limits legislative flexibility and the potential benefits that people and
businesses could receive through exemptions. The state cannot afford budget gaps that could be
created by giving parishes more severance tax money.""","Public Affairs Research Council of Louisiana Voter Guide","https://parlouisiana.org/wp-content/uploads/2025/02/PAR-Guide-to-the-2025-Constitutional-Amendments.pdf","2025-02-26"
"27473","Oppose","""The constitution is cluttered with too much tax specificity that would be better left to state law.
Lowering the cap on the income tax and adding an enhanced deduction for senior citizens into
the document is designed only to win amendment passage; it is not good policymaking. Making it
tougher to enact tax breaks limits legislative flexibility and the potential benefits that people and
businesses could receive through exemptions. The state cannot afford budget gaps that could be
created by giving parishes more severance tax money.""","Public Affairs Research Council of Louisiana Voter Guide","https://parlouisiana.org/wp-content/uploads/2025/02/PAR-Guide-to-the-2025-Constitutional-Amendments.pdf","2025-02-26"
"27473","Oppose","""The constitution is cluttered with too much tax specificity that would be better left to state law.
Lowering the cap on the income tax and adding an enhanced deduction for senior citizens into
the document is designed only to win amendment passage; it is not good policymaking. Making it
tougher to enact tax breaks limits legislative flexibility and the potential benefits that people and
businesses could receive through exemptions. The state cannot afford budget gaps that could be
created by giving parishes more severance tax money.""","Public Affairs Research Council of Louisiana Voter Guide","https://parlouisiana.org/wp-content/uploads/2025/02/PAR-Guide-to-the-2025-Constitutional-Amendments.pdf","2025-02-26"
"27473","Oppose","""The constitution is cluttered with too much tax specificity that would be better left to state law.
Lowering the cap on the income tax and adding an enhanced deduction for senior citizens into
the document is designed only to win amendment passage; it is not good policymaking. Making it
tougher to enact tax breaks limits legislative flexibility and the potential benefits that people and
businesses could receive through exemptions. The state cannot afford budget gaps that could be
created by giving parishes more severance tax money.""","Public Affairs Research Council of Louisiana Voter Guide","https://parlouisiana.org/wp-content/uploads/2025/02/PAR-Guide-to-the-2025-Constitutional-Amendments.pdf","2025-02-26"
"27473","Support","""We, in this state, have been on the losing end of an economic game that other states are playing and beating us at today. We offer an opportunity to change that playbook so Louisiana can start winning. ... So your taxation will be driven by more about what you choose to buy, rather than by your labor ... This holistic plan is designed not only to address budget shortfalls, but to catapult Louisiana into the future with increased jobs and economic growth for years to come.""","Gov. Jeff Landry (R)","https://www.wdsu.com/article/louisiana-special-tax-session-begins/62828984","2024-12-20"
"27473","Support","""We, in this state, have been on the losing end of an economic game that other states are playing and beating us at today. We offer an opportunity to change that playbook so Louisiana can start winning. ... So your taxation will be driven by more about what you choose to buy, rather than by your labor ... This holistic plan is designed not only to address budget shortfalls, but to catapult Louisiana into the future with increased jobs and economic growth for years to come.""","Gov. Jeff Landry (R)","https://www.wdsu.com/article/louisiana-special-tax-session-begins/62828984","2024-12-20"
"27473","Support","""We, in this state, have been on the losing end of an economic game that other states are playing and beating us at today. We offer an opportunity to change that playbook so Louisiana can start winning. ... So your taxation will be driven by more about what you choose to buy, rather than by your labor ... This holistic plan is designed not only to address budget shortfalls, but to catapult Louisiana into the future with increased jobs and economic growth for years to come.""","Gov. Jeff Landry (R)","https://www.wdsu.com/article/louisiana-special-tax-session-begins/62828984","2024-12-20"
"27473","Support","""We, in this state, have been on the losing end of an economic game that other states are playing and beating us at today. We offer an opportunity to change that playbook so Louisiana can start winning. ... So your taxation will be driven by more about what you choose to buy, rather than by your labor ... This holistic plan is designed not only to address budget shortfalls, but to catapult Louisiana into the future with increased jobs and economic growth for years to come.""","Gov. Jeff Landry (R)","https://www.wdsu.com/article/louisiana-special-tax-session-begins/62828984","2024-12-20"
"27473","Support","""We, in this state, have been on the losing end of an economic game that other states are playing and beating us at today. We offer an opportunity to change that playbook so Louisiana can start winning. ... So your taxation will be driven by more about what you choose to buy, rather than by your labor ... This holistic plan is designed not only to address budget shortfalls, but to catapult Louisiana into the future with increased jobs and economic growth for years to come.""","Gov. Jeff Landry (R)","https://www.wdsu.com/article/louisiana-special-tax-session-begins/62828984","2024-12-20"
"27473","Support","""We, in this state, have been on the losing end of an economic game that other states are playing and beating us at today. We offer an opportunity to change that playbook so Louisiana can start winning. ... So your taxation will be driven by more about what you choose to buy, rather than by your labor ... This holistic plan is designed not only to address budget shortfalls, but to catapult Louisiana into the future with increased jobs and economic growth for years to come.""","Gov. Jeff Landry (R)","https://www.wdsu.com/article/louisiana-special-tax-session-begins/62828984","2024-12-20"
"27473","Support","""We, in this state, have been on the losing end of an economic game that other states are playing and beating us at today. We offer an opportunity to change that playbook so Louisiana can start winning. ... So your taxation will be driven by more about what you choose to buy, rather than by your labor ... This holistic plan is designed not only to address budget shortfalls, but to catapult Louisiana into the future with increased jobs and economic growth for years to come.""","Gov. Jeff Landry (R)","https://www.wdsu.com/article/louisiana-special-tax-session-begins/62828984","2024-12-20"
"27473","Support","""We, in this state, have been on the losing end of an economic game that other states are playing and beating us at today. We offer an opportunity to change that playbook so Louisiana can start winning. ... So your taxation will be driven by more about what you choose to buy, rather than by your labor ... This holistic plan is designed not only to address budget shortfalls, but to catapult Louisiana into the future with increased jobs and economic growth for years to come.""","Gov. Jeff Landry (R)","https://www.wdsu.com/article/louisiana-special-tax-session-begins/62828984","2024-12-20"
"27473","Support","""We, in this state, have been on the losing end of an economic game that other states are playing and beating us at today. We offer an opportunity to change that playbook so Louisiana can start winning. ... So your taxation will be driven by more about what you choose to buy, rather than by your labor ... This holistic plan is designed not only to address budget shortfalls, but to catapult Louisiana into the future with increased jobs and economic growth for years to come.""","Gov. Jeff Landry (R)","https://www.wdsu.com/article/louisiana-special-tax-session-begins/62828984","2024-12-20"
"27473","Support","""We, in this state, have been on the losing end of an economic game that other states are playing and beating us at today. We offer an opportunity to change that playbook so Louisiana can start winning. ... So your taxation will be driven by more about what you choose to buy, rather than by your labor ... This holistic plan is designed not only to address budget shortfalls, but to catapult Louisiana into the future with increased jobs and economic growth for years to come.""","Gov. Jeff Landry (R)","https://www.wdsu.com/article/louisiana-special-tax-session-begins/62828984","2024-12-20"
"27473","Support","""We, in this state, have been on the losing end of an economic game that other states are playing and beating us at today. We offer an opportunity to change that playbook so Louisiana can start winning. ... So your taxation will be driven by more about what you choose to buy, rather than by your labor ... This holistic plan is designed not only to address budget shortfalls, but to catapult Louisiana into the future with increased jobs and economic growth for years to come.""","Gov. Jeff Landry (R)","https://www.wdsu.com/article/louisiana-special-tax-session-begins/62828984","2024-12-20"
"27473","Support","""We, in this state, have been on the losing end of an economic game that other states are playing and beating us at today. We offer an opportunity to change that playbook so Louisiana can start winning. ... So your taxation will be driven by more about what you choose to buy, rather than by your labor ... This holistic plan is designed not only to address budget shortfalls, but to catapult Louisiana into the future with increased jobs and economic growth for years to come.""","Gov. Jeff Landry (R)","https://www.wdsu.com/article/louisiana-special-tax-session-begins/62828984","2024-12-20"
"27473","Oppose","""Amendment 2: Making major changes to the article of the constitution that governs revenue and finance. No. Not since the current constitution was adopted in 1974 have voters been asked to cast a single up-or-down vote on as many consequential provisions as are contained in Amendment 2, which would enshrine changes laid out in a 115-page bill adopted in a November special legislative session.""","NOLA Editorial Board","https://www.nola.com/opinions/our_views/constitutional-amendments-amendment2-revenue-juvenile-crime/article_f4d49b10-c9fc-42d2-8251-e99ba3140e68.html","2025-03-26"
"27473","Oppose","""Amendment 2: Making major changes to the article of the constitution that governs revenue and finance. No. Not since the current constitution was adopted in 1974 have voters been asked to cast a single up-or-down vote on as many consequential provisions as are contained in Amendment 2, which would enshrine changes laid out in a 115-page bill adopted in a November special legislative session.""","NOLA Editorial Board","https://www.nola.com/opinions/our_views/constitutional-amendments-amendment2-revenue-juvenile-crime/article_f4d49b10-c9fc-42d2-8251-e99ba3140e68.html","2025-03-26"
"27473","Oppose","""Amendment 2: Making major changes to the article of the constitution that governs revenue and finance. No. Not since the current constitution was adopted in 1974 have voters been asked to cast a single up-or-down vote on as many consequential provisions as are contained in Amendment 2, which would enshrine changes laid out in a 115-page bill adopted in a November special legislative session.""","NOLA Editorial Board","https://www.nola.com/opinions/our_views/constitutional-amendments-amendment2-revenue-juvenile-crime/article_f4d49b10-c9fc-42d2-8251-e99ba3140e68.html","2025-03-26"
"27473","Oppose","""Amendment 2: Making major changes to the article of the constitution that governs revenue and finance. No. Not since the current constitution was adopted in 1974 have voters been asked to cast a single up-or-down vote on as many consequential provisions as are contained in Amendment 2, which would enshrine changes laid out in a 115-page bill adopted in a November special legislative session.""","NOLA Editorial Board","https://www.nola.com/opinions/our_views/constitutional-amendments-amendment2-revenue-juvenile-crime/article_f4d49b10-c9fc-42d2-8251-e99ba3140e68.html","2025-03-26"
"27473","Oppose","""Amendment 2: Making major changes to the article of the constitution that governs revenue and finance. No. Not since the current constitution was adopted in 1974 have voters been asked to cast a single up-or-down vote on as many consequential provisions as are contained in Amendment 2, which would enshrine changes laid out in a 115-page bill adopted in a November special legislative session.""","NOLA Editorial Board","https://www.nola.com/opinions/our_views/constitutional-amendments-amendment2-revenue-juvenile-crime/article_f4d49b10-c9fc-42d2-8251-e99ba3140e68.html","2025-03-26"
"27473","Oppose","""Amendment 2: Making major changes to the article of the constitution that governs revenue and finance. No. Not since the current constitution was adopted in 1974 have voters been asked to cast a single up-or-down vote on as many consequential provisions as are contained in Amendment 2, which would enshrine changes laid out in a 115-page bill adopted in a November special legislative session.""","NOLA Editorial Board","https://www.nola.com/opinions/our_views/constitutional-amendments-amendment2-revenue-juvenile-crime/article_f4d49b10-c9fc-42d2-8251-e99ba3140e68.html","2025-03-26"
"27473","Oppose","""Amendment 2: Making major changes to the article of the constitution that governs revenue and finance. No. Not since the current constitution was adopted in 1974 have voters been asked to cast a single up-or-down vote on as many consequential provisions as are contained in Amendment 2, which would enshrine changes laid out in a 115-page bill adopted in a November special legislative session.""","NOLA Editorial Board","https://www.nola.com/opinions/our_views/constitutional-amendments-amendment2-revenue-juvenile-crime/article_f4d49b10-c9fc-42d2-8251-e99ba3140e68.html","2025-03-26"
"27473","Oppose","""Amendment 2: Making major changes to the article of the constitution that governs revenue and finance. No. Not since the current constitution was adopted in 1974 have voters been asked to cast a single up-or-down vote on as many consequential provisions as are contained in Amendment 2, which would enshrine changes laid out in a 115-page bill adopted in a November special legislative session.""","NOLA Editorial Board","https://www.nola.com/opinions/our_views/constitutional-amendments-amendment2-revenue-juvenile-crime/article_f4d49b10-c9fc-42d2-8251-e99ba3140e68.html","2025-03-26"
"27473","Oppose","""Amendment 2: Making major changes to the article of the constitution that governs revenue and finance. No. Not since the current constitution was adopted in 1974 have voters been asked to cast a single up-or-down vote on as many consequential provisions as are contained in Amendment 2, which would enshrine changes laid out in a 115-page bill adopted in a November special legislative session.""","NOLA Editorial Board","https://www.nola.com/opinions/our_views/constitutional-amendments-amendment2-revenue-juvenile-crime/article_f4d49b10-c9fc-42d2-8251-e99ba3140e68.html","2025-03-26"
"27473","Oppose","""Amendment 2: Making major changes to the article of the constitution that governs revenue and finance. No. Not since the current constitution was adopted in 1974 have voters been asked to cast a single up-or-down vote on as many consequential provisions as are contained in Amendment 2, which would enshrine changes laid out in a 115-page bill adopted in a November special legislative session.""","NOLA Editorial Board","https://www.nola.com/opinions/our_views/constitutional-amendments-amendment2-revenue-juvenile-crime/article_f4d49b10-c9fc-42d2-8251-e99ba3140e68.html","2025-03-26"
"27473","Oppose","""Amendment 2: Making major changes to the article of the constitution that governs revenue and finance. No. Not since the current constitution was adopted in 1974 have voters been asked to cast a single up-or-down vote on as many consequential provisions as are contained in Amendment 2, which would enshrine changes laid out in a 115-page bill adopted in a November special legislative session.""","NOLA Editorial Board","https://www.nola.com/opinions/our_views/constitutional-amendments-amendment2-revenue-juvenile-crime/article_f4d49b10-c9fc-42d2-8251-e99ba3140e68.html","2025-03-26"
"27473","Oppose","""Amendment 2: Making major changes to the article of the constitution that governs revenue and finance. No. Not since the current constitution was adopted in 1974 have voters been asked to cast a single up-or-down vote on as many consequential provisions as are contained in Amendment 2, which would enshrine changes laid out in a 115-page bill adopted in a November special legislative session.""","NOLA Editorial Board","https://www.nola.com/opinions/our_views/constitutional-amendments-amendment2-revenue-juvenile-crime/article_f4d49b10-c9fc-42d2-8251-e99ba3140e68.html","2025-03-26"
"27884","Support","""Nurses support 8201 because when our patients are disabled, suffering from dementia, or just aging, they need a reliable, guaranteed fund for their long-term care needs.""","Justin Gill, President of the Washington State Nurses Association","https://www.approve8201.org/","2025-07-11"
"27884","Support","""Nurses support 8201 because when our patients are disabled, suffering from dementia, or just aging, they need a reliable, guaranteed fund for their long-term care needs.""","Justin Gill, President of the Washington State Nurses Association","https://www.approve8201.org/","2025-07-11"
"27884","Support","""8201 requires 100% of investment income earned by WA State’s Long-Term Care Trust Fund be spent on long-term care services for vulnerable seniors and disabled people. Washingtonians want to live with dignity as they age. 8201 supports this shared goal, strengthening the benefit’s Trust Fund to help seniors and disabled Washingtonians while protecting taxpayers.""","Approve 8201","https://www.approve8201.org/","2025-07-11"
"27884","Support","""8201 requires 100% of investment income earned by WA State’s Long-Term Care Trust Fund be spent on long-term care services for vulnerable seniors and disabled people. Washingtonians want to live with dignity as they age. 8201 supports this shared goal, strengthening the benefit’s Trust Fund to help seniors and disabled Washingtonians while protecting taxpayers.""","Approve 8201","https://www.approve8201.org/","2025-07-11"
"27884","Oppose","""There is a big difference between a private individual who diversifies their portfolio versus a public official who invests somebody else’s money before knowing what the benefits will cost and what the exact design of the program will be. You have to be much more cautious when you have a fiduciary responsibility.""","State Rep. Peter Abbarno (R-20)","https://washingtonstatestandard.com/2025/07/10/should-wa-cares-funds-be-invested-in-the-stock-market-ferguson-says-yes/","2025-07-11"
"27884","Oppose","""There is a big difference between a private individual who diversifies their portfolio versus a public official who invests somebody else’s money before knowing what the benefits will cost and what the exact design of the program will be. You have to be much more cautious when you have a fiduciary responsibility.""","State Rep. Peter Abbarno (R-20)","https://washingtonstatestandard.com/2025/07/10/should-wa-cares-funds-be-invested-in-the-stock-market-ferguson-says-yes/","2025-07-11"
"27479","Oppose","""There will be an opportunity for these questions and more to come to light, but for now, the real question is whether the county’s actions to date and the proposed charter amendment can be a good justification for taking away voter choice.""","Sheriff Christina Corpus","https://peninsula360press.com/en_us/power-to-dismiss-the-sheriff/","2024-12-06"
"27479","Oppose","""There will be an opportunity for these questions and more to come to light, but for now, the real question is whether the county’s actions to date and the proposed charter amendment can be a good justification for taking away voter choice.""","Sheriff Christina Corpus","https://peninsula360press.com/en_us/power-to-dismiss-the-sheriff/","2024-12-06"
"27479","Support","“I want people to understand that our sheriff right now is serving a six-year term, we’re finishing up the second year; there are four more years left before voters have the opportunity to vote for new leadership at the Sheriff’s Office without an intervention like a charter amendment election or a recall. ... At the heart of this problem is the reality that our current sheriff fails to understand, follow or respect not only county policy, but also basic ethics around conflicts of interest and much more.""","Supervisor Noelia Corzo","https://peninsula360press.com/en_us/power-to-dismiss-the-sheriff/","2024-12-06"
"27479","Support","“I want people to understand that our sheriff right now is serving a six-year term, we’re finishing up the second year; there are four more years left before voters have the opportunity to vote for new leadership at the Sheriff’s Office without an intervention like a charter amendment election or a recall. ... At the heart of this problem is the reality that our current sheriff fails to understand, follow or respect not only county policy, but also basic ethics around conflicts of interest and much more.""","Supervisor Noelia Corzo","https://peninsula360press.com/en_us/power-to-dismiss-the-sheriff/","2024-12-06"
"28006","Support","""This session, we confronted a crisis, a revolving door bail system that repeatedly released dangerous criminals back onto the streets. To the victims and their families, today your pain is answered. Not only are we signing laws that correct the wrongs, your efforts have led to a rewriting of the Constitution of the State of Texas to ensure criminals like those who harmed your families will never be out on the loose again.""","Gov. Greg Abbott (R)","https://gov.texas.gov/news/post/governor-abbott-signs-strongest-bail-reform-package-in-texas-history","2025-06-19"
"28006","Support","""Members, we need to remember that our first and foremost duty as legislators is looking out for the safety and wellbeing of the citizens of Texas and the constituents that elect us.""","Sen. Joan Huffman (R-17)","https://www.keranews.org/criminal-justice/2025-02-19/texas-lawmakers-bail-reform-bill-package-heads-to-house-after-easy-path-through-senate-criminal-justice","2025-06-19"
"28006","Support","""This historic vote shows that the Texas House has decided to put public safety above party politics. This collaboration will undeniably make Texas stronger and our communities safer.""","Nikki Pressley, Texas state director of Right on Crime at the Texas Public Policy Foundation","https://www.texastribune.org/2025/05/19/texas-bail-overhaul-house-passage/","2025-06-19"
"28006","Oppose","""While aimed at improving public safety, this amendment undermines individual liberty by expanding pretrial detention without conviction and curtails judicial discretion. It creates a rigid, constitutionally enshrined mandate that risks overreach, erodes due process, and expands the scope of government authority without adequate safeguards.""","Texas Policy Research","https://www.texaspolicyresearch.com/texas-2025-constitutional-amendments-explained-ballot-guide-vote-recommendations/","2025-07-01"
"27951","Support","""Under current law, animal feed is typically exempt from taxation at each location or transaction during its life cycle, from the field where it's harvested to the purchase of the feed by a farmer or rancher, except for when the feed is sitting in a store as inventory. H.J.R. 99 seeks to address this inconsistency by authorizing the legislature to exempt tangible personal property consisting of animal feed from property taxation if the property is held by the owner for sale at retail.""","State Rep. Cody Harris (R-8)","https://www.capitol.state.tx.us/tlodocs/89R/analysis/pdf/HJ00099H.pdf#navpanes=0","2025-05-21"
"27951","Support","""Under current law, animal feed is typically exempt from taxation at each location or transaction during its life cycle, from the field where it's harvested to the purchase of the feed by a farmer or rancher, except for when the feed is sitting in a store as inventory. H.J.R. 99 seeks to address this inconsistency by authorizing the legislature to exempt tangible personal property consisting of animal feed from property taxation if the property is held by the owner for sale at retail.""","State Rep. Cody Harris (R-8)","https://www.capitol.state.tx.us/tlodocs/89R/analysis/pdf/HJ00099H.pdf#navpanes=0","2025-05-21"
"27951","Support","""By reducing a targeted tax burden on agricultural retailers, this measure promotes free enterprise and strengthens private property rights. Though exemptions should be used cautiously, this permissive amendment gives the Legislature flexibility to deliver fairer tax treatment without mandating new spending.""","Texas Policy Research","https://www.texaspolicyresearch.com/texas-2025-constitutional-amendments-explained-ballot-guide-vote-recommendations/","2025-07-01"
"27951","Support","""By reducing a targeted tax burden on agricultural retailers, this measure promotes free enterprise and strengthens private property rights. Though exemptions should be used cautiously, this permissive amendment gives the Legislature flexibility to deliver fairer tax treatment without mandating new spending.""","Texas Policy Research","https://www.texaspolicyresearch.com/texas-2025-constitutional-amendments-explained-ballot-guide-vote-recommendations/","2025-07-01"
"27932","Support","""During the COVID-19 pandemic, New York and New Jersey proposed financial transaction taxes, prompting concerns about retirement investments and causing New York and Nasdaq to consider relocating to Texas. With many individuals relying on 401(k)s, IRAs, and pensions for retirement, concerns arose that such a tax could reduce returns and hinder savings. Though both states abandoned the proposals, the risk remains. With Texas' development of a fully integrated stock exchange, H.J.R. 4 proposes a constitutional amendment to ban new taxes on securities transfers and financial transactions, protecting Texans and businesses.""","State Rep. Morgan Meyer (R-108)","https://www.capitol.state.tx.us/tlodocs/89R/analysis/pdf/HJ00004H.pdf#navpanes=0","2025-05-08"
"27932","Support","""This measure affirms limited government, free enterprise, and private property rights by protecting investment activity from targeted taxation. It preserves Texas’s pro-business climate without fiscal downside, safeguarding both institutional and individual investors from government interference.""","Texas Policy Research","https://www.texaspolicyresearch.com/texas-2025-constitutional-amendments-explained-ballot-guide-vote-recommendations/","2025-07-01"
"27985","Support","""[A] gap exists in current law with respect to veterans who pass away due to a condition or disease for which the federal Sergeant First Class Heath Robinson Honoring our Promise to Address Comprehensive Toxics (PACT) Act of 2022 establishes a presumption of service connection but who are not yet rated as 100 percent disabled at the time of the veteran's death, in which case the surviving spouse is not entitled to a residence homestead exemption. H.J.R. 133 seeks to address this issue by authorizing the legislature to entitle the surviving spouse of a veteran who died as a result of a qualifying condition or disease presumed under federal law to have been service-connected to certain exemptions from property taxation.""","State Reps. Chris Turner (D-101), Angie Chen Button (R-112), Philip Cortez (D-117), and Linda Garcia (D-107)","https://www.capitol.state.tx.us/tlodocs/89R/analysis/pdf/HJ00133E.pdf#navpanes=0","2025-06-30"
"27985","Support","""[A] gap exists in current law with respect to veterans who pass away due to a condition or disease for which the federal Sergeant First Class Heath Robinson Honoring our Promise to Address Comprehensive Toxics (PACT) Act of 2022 establishes a presumption of service connection but who are not yet rated as 100 percent disabled at the time of the veteran's death, in which case the surviving spouse is not entitled to a residence homestead exemption. H.J.R. 133 seeks to address this issue by authorizing the legislature to entitle the surviving spouse of a veteran who died as a result of a qualifying condition or disease presumed under federal law to have been service-connected to certain exemptions from property taxation.""","State Reps. Chris Turner (D-101), Angie Chen Button (R-112), Philip Cortez (D-117), and Linda Garcia (D-107)","https://www.capitol.state.tx.us/tlodocs/89R/analysis/pdf/HJ00133E.pdf#navpanes=0","2025-06-30"
"27985","Support","""[A] gap exists in current law with respect to veterans who pass away due to a condition or disease for which the federal Sergeant First Class Heath Robinson Honoring our Promise to Address Comprehensive Toxics (PACT) Act of 2022 establishes a presumption of service connection but who are not yet rated as 100 percent disabled at the time of the veteran's death, in which case the surviving spouse is not entitled to a residence homestead exemption. H.J.R. 133 seeks to address this issue by authorizing the legislature to entitle the surviving spouse of a veteran who died as a result of a qualifying condition or disease presumed under federal law to have been service-connected to certain exemptions from property taxation.""","State Reps. Chris Turner (D-101), Angie Chen Button (R-112), Philip Cortez (D-117), and Linda Garcia (D-107)","https://www.capitol.state.tx.us/tlodocs/89R/analysis/pdf/HJ00133E.pdf#navpanes=0","2025-06-30"
"27985","Support","""This measure honors the sacrifices of military families and protects individual liberty and property rights. While further exemptions complicate the tax system, this narrowly targeted relief is justified. It should, however, be accompanied by broader property tax reform to maintain equity and simplicity.""","Texas Policy Research","https://www.texaspolicyresearch.com/texas-2025-constitutional-amendments-explained-ballot-guide-vote-recommendations/","2025-07-01"
"27985","Support","""This measure honors the sacrifices of military families and protects individual liberty and property rights. While further exemptions complicate the tax system, this narrowly targeted relief is justified. It should, however, be accompanied by broader property tax reform to maintain equity and simplicity.""","Texas Policy Research","https://www.texaspolicyresearch.com/texas-2025-constitutional-amendments-explained-ballot-guide-vote-recommendations/","2025-07-01"
"27985","Support","""This measure honors the sacrifices of military families and protects individual liberty and property rights. While further exemptions complicate the tax system, this narrowly targeted relief is justified. It should, however, be accompanied by broader property tax reform to maintain equity and simplicity.""","Texas Policy Research","https://www.texaspolicyresearch.com/texas-2025-constitutional-amendments-explained-ballot-guide-vote-recommendations/","2025-07-01"
"27949","Support","""Proposition 8 reinforces private property rights, personal liberty, and limited government by ensuring Texans are free to transfer wealth without punitive taxation. It prevents future overreach, supports family financial stability, and protects generational business continuity without affecting current revenues.""","Texas Policy Research","https://www.texaspolicyresearch.com/texas-2025-constitutional-amendments-explained-ballot-guide-vote-recommendations/","2025-07-01"
"27976","Oppose","""While compassionate in intent, this measure shifts the tax burden onto younger and non-exempt Texans, expands state spending commitments without reform, and erodes tax equity. True relief should come through comprehensive reform—not piecemeal exemptions that weaken limited government and fiscal discipline.""","Texas Policy Research","https://www.texaspolicyresearch.com/texas-2025-constitutional-amendments-explained-ballot-guide-vote-recommendations/","2025-07-01"
"27976","Oppose","""While compassionate in intent, this measure shifts the tax burden onto younger and non-exempt Texans, expands state spending commitments without reform, and erodes tax equity. True relief should come through comprehensive reform—not piecemeal exemptions that weaken limited government and fiscal discipline.""","Texas Policy Research","https://www.texaspolicyresearch.com/texas-2025-constitutional-amendments-explained-ballot-guide-vote-recommendations/","2025-07-01"
"28007","Support","""The State Commission on Judicial Conduct is the commission created to protect the public, promote public confidence in the integrity, independence, competence, and impartiality of the judiciary and encourages judges to maintain high standards of conduct. These constitutional changes would ensure that the commission maintains appropriate oversight while also increasing transparency.""","State Sen. Joan Huffman (R-17)","https://thetexan.news/judicial/texas-senate-moves-to-add-more-citizens-to-judicial-oversight-board-drop-state-bar-appointees/article_a72eff0c-0c5a-45b5-b70d-3ec62aea226c.html","2025-06-24"
"28007","Support","""The fact that the SCJC sanctions judges in less than 1 percent of all complaints is deeply troubling as it undermines public confidence in judicial accountability and raises serious concerns about transparency and oversight. Such an exceedingly low sanction rate suggests either systemic failure to take complaints seriously or inherent bias in favor of shielding judges from scrutiny, both which compromise the integrity of the judiciary.""","Robert Garza, a director with Texans for Judicial Accountability","https://thetexan.news/judicial/texas-senate-moves-to-add-more-citizens-to-judicial-oversight-board-drop-state-bar-appointees/article_a72eff0c-0c5a-45b5-b70d-3ec62aea226c.html","2025-06-24"
"28007","Support","""Proposition 12 promotes transparency, public accountability, and personal responsibility within the judiciary by broadening citizen oversight and strengthening enforcement of judicial ethics.""","Texas Policy Research","https://www.texaspolicyresearch.com/texas-2025-constitutional-amendments-explained-ballot-guide-vote-recommendations/","2025-07-01"
"27975","Support","""This will help millions of Texans stay in their homes, let seniors age in place, and allow others to grow their businesses for generations to come.""","State Sen. Paul Bettencourt (R-7)","https://www.kxan.com/news/texas/gov-abbott-signing-10-billion-property-tax-relief-package/","2025-06-17"
"27975","Support","""This will help millions of Texans stay in their homes, let seniors age in place, and allow others to grow their businesses for generations to come.""","State Sen. Paul Bettencourt (R-7)","https://www.kxan.com/news/texas/gov-abbott-signing-10-billion-property-tax-relief-package/","2025-06-17"
"27975","Support","""When I became Governor, the homestead exemption was $15,000. With Senate Bill 4, the homestead exemption is now $140,000, an almost 1,000% increase. Seniors’ homestead exemption now goes all the way up to $200,000. This session, we also spent $50 billion on property tax relief. This is truly unprecedented – no state in American history has devoted such a large percentage of their budget to tax relief.""","Gov. Greg Abbott (R)","https://gov.texas.gov/news/post/governor-abbott-signs-property-tax-relief-laws-in-denton","2025-06-17"
"27975","Support","""When I became Governor, the homestead exemption was $15,000. With Senate Bill 4, the homestead exemption is now $140,000, an almost 1,000% increase. Seniors’ homestead exemption now goes all the way up to $200,000. This session, we also spent $50 billion on property tax relief. This is truly unprecedented – no state in American history has devoted such a large percentage of their budget to tax relief.""","Gov. Greg Abbott (R)","https://gov.texas.gov/news/post/governor-abbott-signs-property-tax-relief-laws-in-denton","2025-06-17"
"27975","Support","""While this amendment provides short-term relief for homeowners, it does so by shifting the burden onto renters, small businesses, and non-exempt property owners. Broader tax reform, such as permanent M&O rate compression, would deliver more equitable and lasting relief across all Texans.""","Texas Policy Research","https://www.texaspolicyresearch.com/texas-2025-constitutional-amendments-explained-ballot-guide-vote-recommendations/","2025-07-01"
"27975","Support","""While this amendment provides short-term relief for homeowners, it does so by shifting the burden onto renters, small businesses, and non-exempt property owners. Broader tax reform, such as permanent M&O rate compression, would deliver more equitable and lasting relief across all Texans.""","Texas Policy Research","https://www.texaspolicyresearch.com/texas-2025-constitutional-amendments-explained-ballot-guide-vote-recommendations/","2025-07-01"
"27967","Support","The amendment would “provide clarity for lawyers, judges, and parents. Parents’ constitutional rights are scattered over a hundred years of case law. This resolution is designed to put all well established law in one place in the Constitution.""","State Sen. Bryan Hughes (R-1)","https://texasscorecard.com/state/texas-lawmakers-pass-constitutional-amendment-enshrining-parental-rights/","2025-06-13"
"27967","Support","The amendment would “provide clarity for lawyers, judges, and parents. Parents’ constitutional rights are scattered over a hundred years of case law. This resolution is designed to put all well established law in one place in the Constitution.""","State Sen. Bryan Hughes (R-1)","https://texasscorecard.com/state/texas-lawmakers-pass-constitutional-amendment-enshrining-parental-rights/","2025-06-13"
"27967","Support","""This is a priority because, currently, the constitutional rights of parents are found only in case law, which is controlled by judges. Those rights could disappear if we have bad judges who make it into office. ... Adding parental rights to the Texas Constitution is a critical protection for these most foundational rights that families have, which are essential to the functioning of our society.""","Jeremy Newman, director of public policy for the Texas Home School Coalition","https://texasscorecard.com/state/texas-lawmakers-pass-constitutional-amendment-enshrining-parental-rights/","2025-06-13"
"27967","Support","""This is a priority because, currently, the constitutional rights of parents are found only in case law, which is controlled by judges. Those rights could disappear if we have bad judges who make it into office. ... Adding parental rights to the Texas Constitution is a critical protection for these most foundational rights that families have, which are essential to the functioning of our society.""","Jeremy Newman, director of public policy for the Texas Home School Coalition","https://texasscorecard.com/state/texas-lawmakers-pass-constitutional-amendment-enshrining-parental-rights/","2025-06-13"
"27967","Support","""Proposition 15 affirms individual liberty, personal responsibility, and limited government by codifying parental rights and ensuring state action is narrowly constrained. It empowers families to guide their children’s upbringing without unwarranted interference from public institutions.""","Texas Policy Research","https://www.texaspolicyresearch.com/texas-2025-constitutional-amendments-explained-ballot-guide-vote-recommendations/","2025-07-01"
"27967","Support","""Proposition 15 affirms individual liberty, personal responsibility, and limited government by codifying parental rights and ensuring state action is narrowly constrained. It empowers families to guide their children’s upbringing without unwarranted interference from public institutions.""","Texas Policy Research","https://www.texaspolicyresearch.com/texas-2025-constitutional-amendments-explained-ballot-guide-vote-recommendations/","2025-07-01"
"27948","Support","""This Joint Resolution proposes a constitutional amendment that makes it crystal clear that if you are not a United States citizen, you’re not allowed to vote in Texas.""","Gov. Greg Abbott (R)","https://x.com/GregAbbott_TX/status/1927105731548819759?ref_src=twsrc%5Etfw%7Ctwcamp%5Etweetembed%7Ctwterm%5E1927105731548819759%7Ctwgr%5Ed160f3d37e8dc0f40c8b25995be94813db09d19b%7Ctwcon%5Es1_&ref_url=https%3A%2F%2Fwww.lawyer-monthly.com%2F2025%2F05%2Fgreg-abbott-calls-for-ban-on-non-citizen-voting-in-texas%2F","2025-05-27"
"27948","Support","""Proposition 16 affirms individual liberty and limited government by clearly tying voting rights to citizenship and civic responsibility. It acts as a constitutional safeguard with minimal fiscal impact, reinforcing electoral integrity and state sovereignty.""","Texas Policy Research","https://www.texaspolicyresearch.com/texas-2025-constitutional-amendments-explained-ballot-guide-vote-recommendations/","2025-07-01"
"27958","Support","""By reducing taxes on productive assets, this amendment promotes free enterprise, supports private property rights, and aligns with limited government principles. It provides targeted relief to small businesses and entrepreneurs, encouraging investment and job creation without imposing direct costs on the state.""","Texas Policy Research","https://www.texaspolicyresearch.com/texas-2025-constitutional-amendments-explained-ballot-guide-vote-recommendations/","2025-07-01"
"27974","Support","""Proposition 17 respects private property rights, individual liberty, and limited government by preventing tax penalties for landowners who choose to invest in border security. While exemptions should be used sparingly, this one is well-targeted and permissive, offering relief without expanding state programs or spending.""","Texas Policy Research","https://www.texaspolicyresearch.com/texas-2025-constitutional-amendments-explained-ballot-guide-vote-recommendations/","2025-07-01"
"27974","Support","""H.J.R. 34 seeks to ensure that property owners supporting border security efforts are not financially penalized for their contributions by providing a property tax exemption for the value added to property through the construction or installation of border security infrastructure and related improvements.""","State Rep. Ryan Guillen (R-31)","https://www.capitol.state.tx.us/tlodocs/89R/analysis/pdf/HJ00034E.pdf#navpanes=0","2025-07-02"
"27950","Support","""I created DPRIT and made it a top priority for this legislative session after visiting with many Texans suffering from Dementia, along with their families. Too many families in Texas know the ravages of Dementia. More than 500,000 Texans suffer from various forms of Dementia, and their families sadly suffer alongside them. With today’s concurrence, the Texas Senate is sending DPRIT to the governor’s desk to be signed into law. Texas will become the premier destination for Dementia prevention and research and Texans will have access to the best Dementia care in the world, right here at home. I am proud of the legislature’s investment into this endeavor, and I know Texas families will benefit for generations to come.""","Lt. Gov. Dan Patrick (R)","https://www.ltgov.texas.gov/2025/05/12/lt-gov-dan-patrick-the-texas-senate-sends-one-of-my-top-priorities-the-dementia-prevention-and-research-institute-of-texas-dprit-to-gov-abbotts-desk/","2025-05-19"
"27950","Support","""I created DPRIT and made it a top priority for this legislative session after visiting with many Texans suffering from Dementia, along with their families. Too many families in Texas know the ravages of Dementia. More than 500,000 Texans suffer from various forms of Dementia, and their families sadly suffer alongside them. With today’s concurrence, the Texas Senate is sending DPRIT to the governor’s desk to be signed into law. Texas will become the premier destination for Dementia prevention and research and Texans will have access to the best Dementia care in the world, right here at home. I am proud of the legislature’s investment into this endeavor, and I know Texas families will benefit for generations to come.""","Lt. Gov. Dan Patrick (R)","https://www.ltgov.texas.gov/2025/05/12/lt-gov-dan-patrick-the-texas-senate-sends-one-of-my-top-priorities-the-dementia-prevention-and-research-institute-of-texas-dprit-to-gov-abbotts-desk/","2025-05-19"
"27950","Support","""I created DPRIT and made it a top priority for this legislative session after visiting with many Texans suffering from Dementia, along with their families. Too many families in Texas know the ravages of Dementia. More than 500,000 Texans suffer from various forms of Dementia, and their families sadly suffer alongside them. With today’s concurrence, the Texas Senate is sending DPRIT to the governor’s desk to be signed into law. Texas will become the premier destination for Dementia prevention and research and Texans will have access to the best Dementia care in the world, right here at home. I am proud of the legislature’s investment into this endeavor, and I know Texas families will benefit for generations to come.""","Lt. Gov. Dan Patrick (R)","https://www.ltgov.texas.gov/2025/05/12/lt-gov-dan-patrick-the-texas-senate-sends-one-of-my-top-priorities-the-dementia-prevention-and-research-institute-of-texas-dprit-to-gov-abbotts-desk/","2025-05-19"
"27950","Support","""I created DPRIT and made it a top priority for this legislative session after visiting with many Texans suffering from Dementia, along with their families. Too many families in Texas know the ravages of Dementia. More than 500,000 Texans suffer from various forms of Dementia, and their families sadly suffer alongside them. With today’s concurrence, the Texas Senate is sending DPRIT to the governor’s desk to be signed into law. Texas will become the premier destination for Dementia prevention and research and Texans will have access to the best Dementia care in the world, right here at home. I am proud of the legislature’s investment into this endeavor, and I know Texas families will benefit for generations to come.""","Lt. Gov. Dan Patrick (R)","https://www.ltgov.texas.gov/2025/05/12/lt-gov-dan-patrick-the-texas-senate-sends-one-of-my-top-priorities-the-dementia-prevention-and-research-institute-of-texas-dprit-to-gov-abbotts-desk/","2025-05-19"
"27950","Support","""I don't know [any one] in this House who doesn't have a family member or a friend or a neighbor … impacted by dementia or Alzheimer's. This Constitutional Amendment gives us the funding to do the research so that we can give those persons who are impacted with these dreadful diseases a better quality of life.""","State Rep. Senfronia Thompson (D-141)","https://www.texastribune.org/2025/04/28/texas-dementia-research-funding/","2025-05-19"
"27950","Support","""I don't know [any one] in this House who doesn't have a family member or a friend or a neighbor … impacted by dementia or Alzheimer's. This Constitutional Amendment gives us the funding to do the research so that we can give those persons who are impacted with these dreadful diseases a better quality of life.""","State Rep. Senfronia Thompson (D-141)","https://www.texastribune.org/2025/04/28/texas-dementia-research-funding/","2025-05-19"
"27950","Support","""I don't know [any one] in this House who doesn't have a family member or a friend or a neighbor … impacted by dementia or Alzheimer's. This Constitutional Amendment gives us the funding to do the research so that we can give those persons who are impacted with these dreadful diseases a better quality of life.""","State Rep. Senfronia Thompson (D-141)","https://www.texastribune.org/2025/04/28/texas-dementia-research-funding/","2025-05-19"
"27950","Support","""I don't know [any one] in this House who doesn't have a family member or a friend or a neighbor … impacted by dementia or Alzheimer's. This Constitutional Amendment gives us the funding to do the research so that we can give those persons who are impacted with these dreadful diseases a better quality of life.""","State Rep. Senfronia Thompson (D-141)","https://www.texastribune.org/2025/04/28/texas-dementia-research-funding/","2025-05-19"
"27950","Oppose","""What good could be done in the private sector with the $3 billion instead of the government taking it, handing it to bureaucrats to spend as bureaucrats see fit? This is corporate welfare on steroids.""","State Rep. Brian Harrison (R-10)","https://communityimpact.com/austin/south-central-austin/texas-legislature/2025/05/02/texas-house-moves-to-create-3b-state-run-dementia-prevention-research-institute/","2025-05-19"
"27950","Oppose","""What good could be done in the private sector with the $3 billion instead of the government taking it, handing it to bureaucrats to spend as bureaucrats see fit? This is corporate welfare on steroids.""","State Rep. Brian Harrison (R-10)","https://communityimpact.com/austin/south-central-austin/texas-legislature/2025/05/02/texas-house-moves-to-create-3b-state-run-dementia-prevention-research-institute/","2025-05-19"
"27950","Oppose","""What good could be done in the private sector with the $3 billion instead of the government taking it, handing it to bureaucrats to spend as bureaucrats see fit? This is corporate welfare on steroids.""","State Rep. Brian Harrison (R-10)","https://communityimpact.com/austin/south-central-austin/texas-legislature/2025/05/02/texas-house-moves-to-create-3b-state-run-dementia-prevention-research-institute/","2025-05-19"
"27950","Oppose","""What good could be done in the private sector with the $3 billion instead of the government taking it, handing it to bureaucrats to spend as bureaucrats see fit? This is corporate welfare on steroids.""","State Rep. Brian Harrison (R-10)","https://communityimpact.com/austin/south-central-austin/texas-legislature/2025/05/02/texas-house-moves-to-create-3b-state-run-dementia-prevention-research-institute/","2025-05-19"
"27950","Oppose","""While dementia research is an important issue and affects a large number of Texans and their families, this legislation creates yet another bloated bureaucracy, mirroring the failed Cancer Prevention and Research Institute of Texas (CPRIT)—which was embroiled in scandal and mismanagement almost from the start. Instead of learning from past mistakes, lawmakers are doubling down on a proven formula for government waste, inefficiency, and cronyism. ... For all the talk of fiscal conservatism, Texas lawmakers continue to grow government at an alarming rate. Instead of exercising discipline and restraint, they are pushing yet another taxpayer-funded bureaucracy with unlimited spending power and little oversight.""","Texas Policy Research","https://www.texaspolicyresearch.com/texas-dementia-prevention-and-research-institute-a-costly-overreach-in-the-wrong-direction/","2025-05-19"
"27950","Oppose","""While dementia research is an important issue and affects a large number of Texans and their families, this legislation creates yet another bloated bureaucracy, mirroring the failed Cancer Prevention and Research Institute of Texas (CPRIT)—which was embroiled in scandal and mismanagement almost from the start. Instead of learning from past mistakes, lawmakers are doubling down on a proven formula for government waste, inefficiency, and cronyism. ... For all the talk of fiscal conservatism, Texas lawmakers continue to grow government at an alarming rate. Instead of exercising discipline and restraint, they are pushing yet another taxpayer-funded bureaucracy with unlimited spending power and little oversight.""","Texas Policy Research","https://www.texaspolicyresearch.com/texas-dementia-prevention-and-research-institute-a-costly-overreach-in-the-wrong-direction/","2025-05-19"
"27950","Oppose","""While dementia research is an important issue and affects a large number of Texans and their families, this legislation creates yet another bloated bureaucracy, mirroring the failed Cancer Prevention and Research Institute of Texas (CPRIT)—which was embroiled in scandal and mismanagement almost from the start. Instead of learning from past mistakes, lawmakers are doubling down on a proven formula for government waste, inefficiency, and cronyism. ... For all the talk of fiscal conservatism, Texas lawmakers continue to grow government at an alarming rate. Instead of exercising discipline and restraint, they are pushing yet another taxpayer-funded bureaucracy with unlimited spending power and little oversight.""","Texas Policy Research","https://www.texaspolicyresearch.com/texas-dementia-prevention-and-research-institute-a-costly-overreach-in-the-wrong-direction/","2025-05-19"
"27950","Oppose","""While dementia research is an important issue and affects a large number of Texans and their families, this legislation creates yet another bloated bureaucracy, mirroring the failed Cancer Prevention and Research Institute of Texas (CPRIT)—which was embroiled in scandal and mismanagement almost from the start. Instead of learning from past mistakes, lawmakers are doubling down on a proven formula for government waste, inefficiency, and cronyism. ... For all the talk of fiscal conservatism, Texas lawmakers continue to grow government at an alarming rate. Instead of exercising discipline and restraint, they are pushing yet another taxpayer-funded bureaucracy with unlimited spending power and little oversight.""","Texas Policy Research","https://www.texaspolicyresearch.com/texas-dementia-prevention-and-research-institute-a-costly-overreach-in-the-wrong-direction/","2025-05-19"
"27950","Oppose","""While well-intentioned, this amendment expands the scope and permanence of government by embedding medical research funding into the Constitution. It bypasses the appropriations process, undermines limited government, and risks crowding out private innovation in healthcare without clear fiscal safeguards or performance accountability.""","Texas Policy Research","https://www.texaspolicyresearch.com/texas-2025-constitutional-amendments-explained-ballot-guide-vote-recommendations/","2025-07-01"
"27950","Oppose","""While well-intentioned, this amendment expands the scope and permanence of government by embedding medical research funding into the Constitution. It bypasses the appropriations process, undermines limited government, and risks crowding out private innovation in healthcare without clear fiscal safeguards or performance accountability.""","Texas Policy Research","https://www.texaspolicyresearch.com/texas-2025-constitutional-amendments-explained-ballot-guide-vote-recommendations/","2025-07-01"
"27950","Oppose","""While well-intentioned, this amendment expands the scope and permanence of government by embedding medical research funding into the Constitution. It bypasses the appropriations process, undermines limited government, and risks crowding out private innovation in healthcare without clear fiscal safeguards or performance accountability.""","Texas Policy Research","https://www.texaspolicyresearch.com/texas-2025-constitutional-amendments-explained-ballot-guide-vote-recommendations/","2025-07-01"
"27950","Oppose","""While well-intentioned, this amendment expands the scope and permanence of government by embedding medical research funding into the Constitution. It bypasses the appropriations process, undermines limited government, and risks crowding out private innovation in healthcare without clear fiscal safeguards or performance accountability.""","Texas Policy Research","https://www.texaspolicyresearch.com/texas-2025-constitutional-amendments-explained-ballot-guide-vote-recommendations/","2025-07-01"
"27986","Support","""Proposition 10 upholds individual liberty and private property rights by ensuring homeowners are not taxed on homes that no longer exist. It allows narrowly tailored, compassionate relief without mandating new programs or increasing government scope, consistent with limited government principles.""","Texas Policy Research","https://www.texaspolicyresearch.com/texas-2025-constitutional-amendments-explained-ballot-guide-vote-recommendations/","2025-07-01"
"27986","Support","""Proposition 10 upholds individual liberty and private property rights by ensuring homeowners are not taxed on homes that no longer exist. It allows narrowly tailored, compassionate relief without mandating new programs or increasing government scope, consistent with limited government principles.""","Texas Policy Research","https://www.texaspolicyresearch.com/texas-2025-constitutional-amendments-explained-ballot-guide-vote-recommendations/","2025-07-01"
"28005","Oppose","""While addressing water infrastructure is vital, this resolution undermines limited government and fiscal transparency by embedding automatic spending into the Constitution. It crowds out private-sector solutions, reduces future tax relief opportunities, and limits legislative accountability for long-term fiscal commitments.""","Texas Policy Research","https://www.texaspolicyresearch.com/texas-2025-constitutional-amendments-explained-ballot-guide-vote-recommendations/","2025-07-01"
"28005","Oppose","""While addressing water infrastructure is vital, this resolution undermines limited government and fiscal transparency by embedding automatic spending into the Constitution. It crowds out private-sector solutions, reduces future tax relief opportunities, and limits legislative accountability for long-term fiscal commitments.""","Texas Policy Research","https://www.texaspolicyresearch.com/texas-2025-constitutional-amendments-explained-ballot-guide-vote-recommendations/","2025-07-01"
"28005","Oppose","""While addressing water infrastructure is vital, this resolution undermines limited government and fiscal transparency by embedding automatic spending into the Constitution. It crowds out private-sector solutions, reduces future tax relief opportunities, and limits legislative accountability for long-term fiscal commitments.""","Texas Policy Research","https://www.texaspolicyresearch.com/texas-2025-constitutional-amendments-explained-ballot-guide-vote-recommendations/","2025-07-01"
"28005","Support","""Texas is growing rapidly, and with increased instances of drought, we are facing a water crisis. HJR 7 is a robust, long-term commitment to funding water infrastructure projects. By dedicating these resources to water supply projects, conservation efforts, and infrastructure improvements, HJR 7 helps protect our water resources while planning for future growth. Notably, this amendment gives the Texas Water Development Board flexibility to distribute funds. This allows Texas to invest in a range of water strategies with room to adapt to changing conditions as needed. This flexible funding will aid both immediate water needs and long-term sustainability.""","Marie Camino, The Nature Conservancy in Texas","https://capitol.texas.gov/tlodocs/89R/publiccomments/billhistory/HJ00007H.pdf#navpanes=0","2025-07-14"
"28005","Support","""Texas is growing rapidly, and with increased instances of drought, we are facing a water crisis. HJR 7 is a robust, long-term commitment to funding water infrastructure projects. By dedicating these resources to water supply projects, conservation efforts, and infrastructure improvements, HJR 7 helps protect our water resources while planning for future growth. Notably, this amendment gives the Texas Water Development Board flexibility to distribute funds. This allows Texas to invest in a range of water strategies with room to adapt to changing conditions as needed. This flexible funding will aid both immediate water needs and long-term sustainability.""","Marie Camino, The Nature Conservancy in Texas","https://capitol.texas.gov/tlodocs/89R/publiccomments/billhistory/HJ00007H.pdf#navpanes=0","2025-07-14"
"28005","Support","""Texas is growing rapidly, and with increased instances of drought, we are facing a water crisis. HJR 7 is a robust, long-term commitment to funding water infrastructure projects. By dedicating these resources to water supply projects, conservation efforts, and infrastructure improvements, HJR 7 helps protect our water resources while planning for future growth. Notably, this amendment gives the Texas Water Development Board flexibility to distribute funds. This allows Texas to invest in a range of water strategies with room to adapt to changing conditions as needed. This flexible funding will aid both immediate water needs and long-term sustainability.""","Marie Camino, The Nature Conservancy in Texas","https://capitol.texas.gov/tlodocs/89R/publiccomments/billhistory/HJ00007H.pdf#navpanes=0","2025-07-14"
"28005","Support","""Texas 2036 projects that the state will need to invest at least $154 billion in the coming decades toward expanding our water supply portfolio and fixing aging, deteriorating systems. We estimate that existing state and federal funding programs will cover roughly 25% of this need. This will leave a long-term water infrastructure funding gap of $110 billion. HJR 7 addresses this problem, in part, with its $1 billion per year revenue dedication to the Texas Water Fund.""","Jeremy B. Mazur, director of Infrastructure and Natural Resources Policy at Texas 2036","https://texas2036.org/posts/closing-texas-long-term-water-funding-gap/","2025-07-14"
"28005","Support","""Texas 2036 projects that the state will need to invest at least $154 billion in the coming decades toward expanding our water supply portfolio and fixing aging, deteriorating systems. We estimate that existing state and federal funding programs will cover roughly 25% of this need. This will leave a long-term water infrastructure funding gap of $110 billion. HJR 7 addresses this problem, in part, with its $1 billion per year revenue dedication to the Texas Water Fund.""","Jeremy B. Mazur, director of Infrastructure and Natural Resources Policy at Texas 2036","https://texas2036.org/posts/closing-texas-long-term-water-funding-gap/","2025-07-14"
"28005","Support","""Texas 2036 projects that the state will need to invest at least $154 billion in the coming decades toward expanding our water supply portfolio and fixing aging, deteriorating systems. We estimate that existing state and federal funding programs will cover roughly 25% of this need. This will leave a long-term water infrastructure funding gap of $110 billion. HJR 7 addresses this problem, in part, with its $1 billion per year revenue dedication to the Texas Water Fund.""","Jeremy B. Mazur, director of Infrastructure and Natural Resources Policy at Texas 2036","https://texas2036.org/posts/closing-texas-long-term-water-funding-gap/","2025-07-14"
"27998","Oppose","""While expanding access to workforce education supports individual liberty and personal responsibility, embedding this preferential funding mechanism in the Constitution undermines limited government and transparency. A statutory approach with normal budget oversight would better uphold fiscal accountability.""","Texas Policy Research","https://www.texaspolicyresearch.com/texas-2025-constitutional-amendments-explained-ballot-guide-vote-recommendations/","2025-07-01"
"27998","Oppose","""While expanding access to workforce education supports individual liberty and personal responsibility, embedding this preferential funding mechanism in the Constitution undermines limited government and transparency. A statutory approach with normal budget oversight would better uphold fiscal accountability.""","Texas Policy Research","https://www.texaspolicyresearch.com/texas-2025-constitutional-amendments-explained-ballot-guide-vote-recommendations/","2025-07-01"
"27998","Support","""This legislation will be vital in ensuring that Texas has the skilled workforce needed to meet the demands of our booming economy!""","State Rep. Stan Lambert (R-71)","https://www.facebook.com/RepStanLambert/photos/proud-to-work-with-sen-brian-birdwell-to-pass-sjr-59-which-creates-a-permanent-e/1099190272033271/?_rdr","2025-07-15"
"27998","Support","""This legislation will be vital in ensuring that Texas has the skilled workforce needed to meet the demands of our booming economy!""","State Rep. Stan Lambert (R-71)","https://www.facebook.com/RepStanLambert/photos/proud-to-work-with-sen-brian-birdwell-to-pass-sjr-59-which-creates-a-permanent-e/1099190272033271/?_rdr","2025-07-15"
"27998","Support","""SJR 59 proposes a constitutional amendment to create funds supporting the capital needs of educational programs offered by the Texas State Technical College System, modernizing and expanding this system. If successful, this investment would help keep Texas a major hub for US manufacturing and give manufacturers located in Texas a great pool of skilled tradesmen and tradeswomen to hire from.""","Association of Equipment Manufacturers","https://www.aem.org/news/workforce-legislation-takes-center-stage-in-austin","2025-07-15"
"27998","Support","""SJR 59 proposes a constitutional amendment to create funds supporting the capital needs of educational programs offered by the Texas State Technical College System, modernizing and expanding this system. If successful, this investment would help keep Texas a major hub for US manufacturing and give manufacturers located in Texas a great pool of skilled tradesmen and tradeswomen to hire from.""","Association of Equipment Manufacturers","https://www.aem.org/news/workforce-legislation-takes-center-stage-in-austin","2025-07-15"
"27944","Support","""This is the extension of our collective disdain in Texas for any type of tax.""","Gov. Greg Abbott (R)","https://www.kxan.com/news/texas-politics/abbott-to-sign-texas-capital-markets-bill-package/","2025-05-23"
"27944","Support","""This measure upholds individual liberty, private property rights, and free enterprise by protecting Texans from future financial intrusion and double taxation. It strengthens Texas’s commitment to limited government and long-term economic competitiveness.""","Texas Policy Research","https://www.texaspolicyresearch.com/texas-2025-constitutional-amendments-explained-ballot-guide-vote-recommendations/","2025-07-01"
"27607","Support","“To continue growing the workforce necessary to rapidly develop and manufacture Starship, we need the ability to grow Starbase as a community. That is why we are requesting that Cameron County call an election to enable the incorporation of Starbase as the newest city in the Rio Grande Valley. Incorporating Starbase will streamline the processes required to build the amenities necessary to make the area a world class place to live—for the hundreds already calling it home, as well as for prospective workers eager to help build humanity’s future in space.""","Kathryn Lueders, the general manager of Starbase","https://www.euronews.com/business/2024/12/13/elon-musk-wants-to-turn-spacexs-starbase-site-into-a-texas-city","2025-02-18"
"27607","Support","""Most of our citizens are afraid of not having beach access. They hear of road closures and disruption of their lifestyle to just go to the beach or go fishing. I also know there is a lot of concern with environmental issues. [People living in or visiting Starbase] are going to need hotels to stay in, they are going to need restaurants to dine in, they are going to need a zoo to take their kids to and our whole region is going to benefit from that.""","Brownsville City Commissioner At Large-A Tino Villarreal","https://www.valleycentral.com/spacex/excitement-fear-for-starbase-becoming-a-city/","2025-02-18"
"27516","Oppose","“The General Assembly’s thirst to spend taxpayer dollars is seemingly unquenchable. This bill would authorize more spending, which I believe is unsustainable for Ohio’s future.”","State Sen. Niraj Antani (R-6)","https://www.daytondailynews.com/local/ohio-voters-will-decide-25b-bond-issue-in-may/AU57R3NRCNGS7MNTOBY2ARXCVY/","2024-12-19"
"27516","Oppose","“The General Assembly’s thirst to spend taxpayer dollars is seemingly unquenchable. This bill would authorize more spending, which I believe is unsustainable for Ohio’s future.”","State Sen. Niraj Antani (R-6)","https://www.daytondailynews.com/local/ohio-voters-will-decide-25b-bond-issue-in-may/AU57R3NRCNGS7MNTOBY2ARXCVY/","2024-12-19"
"27516","Oppose","“The General Assembly’s thirst to spend taxpayer dollars is seemingly unquenchable. This bill would authorize more spending, which I believe is unsustainable for Ohio’s future.”","State Sen. Niraj Antani (R-6)","https://www.daytondailynews.com/local/ohio-voters-will-decide-25b-bond-issue-in-may/AU57R3NRCNGS7MNTOBY2ARXCVY/","2024-12-19"
"27516","Oppose","“The General Assembly’s thirst to spend taxpayer dollars is seemingly unquenchable. This bill would authorize more spending, which I believe is unsustainable for Ohio’s future.”","State Sen. Niraj Antani (R-6)","https://www.daytondailynews.com/local/ohio-voters-will-decide-25b-bond-issue-in-may/AU57R3NRCNGS7MNTOBY2ARXCVY/","2024-12-19"
"27516","Oppose","“The General Assembly’s thirst to spend taxpayer dollars is seemingly unquenchable. This bill would authorize more spending, which I believe is unsustainable for Ohio’s future.”","State Sen. Niraj Antani (R-6)","https://www.daytondailynews.com/local/ohio-voters-will-decide-25b-bond-issue-in-may/AU57R3NRCNGS7MNTOBY2ARXCVY/","2024-12-19"
"27516","Oppose","“The General Assembly’s thirst to spend taxpayer dollars is seemingly unquenchable. This bill would authorize more spending, which I believe is unsustainable for Ohio’s future.”","State Sen. Niraj Antani (R-6)","https://www.daytondailynews.com/local/ohio-voters-will-decide-25b-bond-issue-in-may/AU57R3NRCNGS7MNTOBY2ARXCVY/","2024-12-19"
"27516","Support","“We've seen the price increases, supply chain issues, the materials, etc., so that at least is necessary. This will be paid through state general obligation bonds. There is no tax increase involved here. We have to make it very clear, no, this does not involve your local property taxes, this does not involve your local income taxes and obviously, there certainly has been no pattern in state government as related to any tax rates going up. … The big thing about this program from the beginning has been there's been a real emphasis on repair and replacement. Let's fix it first. This is not for a lot of new infrastructure, new highway projects. This is to try and address some of those things that have happened, fall into deterioration and other things over the years.”","State Rep. Dan Troy (D-23)","https://www.statenews.org/government-politics/2024-10-10/lawmakers-push-for-may-vote-on-renewal-of-public-works-bond-program-boost-cap-to-2-5-billion","2024-12-19"
"27516","Support","“We've seen the price increases, supply chain issues, the materials, etc., so that at least is necessary. This will be paid through state general obligation bonds. There is no tax increase involved here. We have to make it very clear, no, this does not involve your local property taxes, this does not involve your local income taxes and obviously, there certainly has been no pattern in state government as related to any tax rates going up. … The big thing about this program from the beginning has been there's been a real emphasis on repair and replacement. Let's fix it first. This is not for a lot of new infrastructure, new highway projects. This is to try and address some of those things that have happened, fall into deterioration and other things over the years.”","State Rep. Dan Troy (D-23)","https://www.statenews.org/government-politics/2024-10-10/lawmakers-push-for-may-vote-on-renewal-of-public-works-bond-program-boost-cap-to-2-5-billion","2024-12-19"
"27516","Support","“We've seen the price increases, supply chain issues, the materials, etc., so that at least is necessary. This will be paid through state general obligation bonds. There is no tax increase involved here. We have to make it very clear, no, this does not involve your local property taxes, this does not involve your local income taxes and obviously, there certainly has been no pattern in state government as related to any tax rates going up. … The big thing about this program from the beginning has been there's been a real emphasis on repair and replacement. Let's fix it first. This is not for a lot of new infrastructure, new highway projects. This is to try and address some of those things that have happened, fall into deterioration and other things over the years.”","State Rep. Dan Troy (D-23)","https://www.statenews.org/government-politics/2024-10-10/lawmakers-push-for-may-vote-on-renewal-of-public-works-bond-program-boost-cap-to-2-5-billion","2024-12-19"
"27516","Support","“We've seen the price increases, supply chain issues, the materials, etc., so that at least is necessary. This will be paid through state general obligation bonds. There is no tax increase involved here. We have to make it very clear, no, this does not involve your local property taxes, this does not involve your local income taxes and obviously, there certainly has been no pattern in state government as related to any tax rates going up. … The big thing about this program from the beginning has been there's been a real emphasis on repair and replacement. Let's fix it first. This is not for a lot of new infrastructure, new highway projects. This is to try and address some of those things that have happened, fall into deterioration and other things over the years.”","State Rep. Dan Troy (D-23)","https://www.statenews.org/government-politics/2024-10-10/lawmakers-push-for-may-vote-on-renewal-of-public-works-bond-program-boost-cap-to-2-5-billion","2024-12-19"
"27516","Support","“We've seen the price increases, supply chain issues, the materials, etc., so that at least is necessary. This will be paid through state general obligation bonds. There is no tax increase involved here. We have to make it very clear, no, this does not involve your local property taxes, this does not involve your local income taxes and obviously, there certainly has been no pattern in state government as related to any tax rates going up. … The big thing about this program from the beginning has been there's been a real emphasis on repair and replacement. Let's fix it first. This is not for a lot of new infrastructure, new highway projects. This is to try and address some of those things that have happened, fall into deterioration and other things over the years.”","State Rep. Dan Troy (D-23)","https://www.statenews.org/government-politics/2024-10-10/lawmakers-push-for-may-vote-on-renewal-of-public-works-bond-program-boost-cap-to-2-5-billion","2024-12-19"
"27516","Support","“We've seen the price increases, supply chain issues, the materials, etc., so that at least is necessary. This will be paid through state general obligation bonds. There is no tax increase involved here. We have to make it very clear, no, this does not involve your local property taxes, this does not involve your local income taxes and obviously, there certainly has been no pattern in state government as related to any tax rates going up. … The big thing about this program from the beginning has been there's been a real emphasis on repair and replacement. Let's fix it first. This is not for a lot of new infrastructure, new highway projects. This is to try and address some of those things that have happened, fall into deterioration and other things over the years.”","State Rep. Dan Troy (D-23)","https://www.statenews.org/government-politics/2024-10-10/lawmakers-push-for-may-vote-on-renewal-of-public-works-bond-program-boost-cap-to-2-5-billion","2024-12-19"
"27516","Support","“Over the years I've been approached by, many times, very small governments, lifetime township trustees who have shared with me in the tough times for them that this funding was sometimes the only funding they would have in their political subdivisions for roads, bridges, water and sewer systems.”","State Rep. Scott Oelslager (R-48)","https://www.statenews.org/government-politics/2024-10-10/lawmakers-push-for-may-vote-on-renewal-of-public-works-bond-program-boost-cap-to-2-5-billion","2024-12-19"
"27516","Support","“Over the years I've been approached by, many times, very small governments, lifetime township trustees who have shared with me in the tough times for them that this funding was sometimes the only funding they would have in their political subdivisions for roads, bridges, water and sewer systems.”","State Rep. Scott Oelslager (R-48)","https://www.statenews.org/government-politics/2024-10-10/lawmakers-push-for-may-vote-on-renewal-of-public-works-bond-program-boost-cap-to-2-5-billion","2024-12-19"
"27516","Support","“Over the years I've been approached by, many times, very small governments, lifetime township trustees who have shared with me in the tough times for them that this funding was sometimes the only funding they would have in their political subdivisions for roads, bridges, water and sewer systems.”","State Rep. Scott Oelslager (R-48)","https://www.statenews.org/government-politics/2024-10-10/lawmakers-push-for-may-vote-on-renewal-of-public-works-bond-program-boost-cap-to-2-5-billion","2024-12-19"
"27516","Support","“Over the years I've been approached by, many times, very small governments, lifetime township trustees who have shared with me in the tough times for them that this funding was sometimes the only funding they would have in their political subdivisions for roads, bridges, water and sewer systems.”","State Rep. Scott Oelslager (R-48)","https://www.statenews.org/government-politics/2024-10-10/lawmakers-push-for-may-vote-on-renewal-of-public-works-bond-program-boost-cap-to-2-5-billion","2024-12-19"
"27516","Support","“Over the years I've been approached by, many times, very small governments, lifetime township trustees who have shared with me in the tough times for them that this funding was sometimes the only funding they would have in their political subdivisions for roads, bridges, water and sewer systems.”","State Rep. Scott Oelslager (R-48)","https://www.statenews.org/government-politics/2024-10-10/lawmakers-push-for-may-vote-on-renewal-of-public-works-bond-program-boost-cap-to-2-5-billion","2024-12-19"
"27516","Support","“Over the years I've been approached by, many times, very small governments, lifetime township trustees who have shared with me in the tough times for them that this funding was sometimes the only funding they would have in their political subdivisions for roads, bridges, water and sewer systems.”","State Rep. Scott Oelslager (R-48)","https://www.statenews.org/government-politics/2024-10-10/lawmakers-push-for-may-vote-on-renewal-of-public-works-bond-program-boost-cap-to-2-5-billion","2024-12-19"
"27516","Support","""This program has proven over decades to be a crucial resource for municipalities across the state and especially in rural areas. I have heard from many local officials whose counties have benefited from these funds for the improvement of roads, bridges, and more in their communities. Necessary infrastructure projects simply could not be undertaken without this funding source.""","State Sen. Brian Chavez (R-30)","https://www.13abc.com/2024/11/21/ohio-voters-could-decide-fate-program-funding-local-infrastructure-projects/","2024-12-19"
"27516","Support","""This program has proven over decades to be a crucial resource for municipalities across the state and especially in rural areas. I have heard from many local officials whose counties have benefited from these funds for the improvement of roads, bridges, and more in their communities. Necessary infrastructure projects simply could not be undertaken without this funding source.""","State Sen. Brian Chavez (R-30)","https://www.13abc.com/2024/11/21/ohio-voters-could-decide-fate-program-funding-local-infrastructure-projects/","2024-12-19"
"27516","Support","""This program has proven over decades to be a crucial resource for municipalities across the state and especially in rural areas. I have heard from many local officials whose counties have benefited from these funds for the improvement of roads, bridges, and more in their communities. Necessary infrastructure projects simply could not be undertaken without this funding source.""","State Sen. Brian Chavez (R-30)","https://www.13abc.com/2024/11/21/ohio-voters-could-decide-fate-program-funding-local-infrastructure-projects/","2024-12-19"
"27516","Support","""This program has proven over decades to be a crucial resource for municipalities across the state and especially in rural areas. I have heard from many local officials whose counties have benefited from these funds for the improvement of roads, bridges, and more in their communities. Necessary infrastructure projects simply could not be undertaken without this funding source.""","State Sen. Brian Chavez (R-30)","https://www.13abc.com/2024/11/21/ohio-voters-could-decide-fate-program-funding-local-infrastructure-projects/","2024-12-19"
"27516","Support","""This program has proven over decades to be a crucial resource for municipalities across the state and especially in rural areas. I have heard from many local officials whose counties have benefited from these funds for the improvement of roads, bridges, and more in their communities. Necessary infrastructure projects simply could not be undertaken without this funding source.""","State Sen. Brian Chavez (R-30)","https://www.13abc.com/2024/11/21/ohio-voters-could-decide-fate-program-funding-local-infrastructure-projects/","2024-12-19"
"27516","Support","""This program has proven over decades to be a crucial resource for municipalities across the state and especially in rural areas. I have heard from many local officials whose counties have benefited from these funds for the improvement of roads, bridges, and more in their communities. Necessary infrastructure projects simply could not be undertaken without this funding source.""","State Sen. Brian Chavez (R-30)","https://www.13abc.com/2024/11/21/ohio-voters-could-decide-fate-program-funding-local-infrastructure-projects/","2024-12-19"
"27516","Support","""It is crucial that we find ways to support local public works projects in Ohio that will not only improve the quality of our communities but also create economic growth and provide new job opportunities for Ohio workers. Although this program is not new, reauthorizing its funding is crucial for maintaining the vital public infrastructure and water systems that we rely on every day.""","State Sen. Hearcel Craig (D-15)","https://www.13abc.com/2024/11/21/ohio-voters-could-decide-fate-program-funding-local-infrastructure-projects/","2024-12-19"
"27516","Support","""It is crucial that we find ways to support local public works projects in Ohio that will not only improve the quality of our communities but also create economic growth and provide new job opportunities for Ohio workers. Although this program is not new, reauthorizing its funding is crucial for maintaining the vital public infrastructure and water systems that we rely on every day.""","State Sen. Hearcel Craig (D-15)","https://www.13abc.com/2024/11/21/ohio-voters-could-decide-fate-program-funding-local-infrastructure-projects/","2024-12-19"
"27516","Support","""It is crucial that we find ways to support local public works projects in Ohio that will not only improve the quality of our communities but also create economic growth and provide new job opportunities for Ohio workers. Although this program is not new, reauthorizing its funding is crucial for maintaining the vital public infrastructure and water systems that we rely on every day.""","State Sen. Hearcel Craig (D-15)","https://www.13abc.com/2024/11/21/ohio-voters-could-decide-fate-program-funding-local-infrastructure-projects/","2024-12-19"
"27516","Support","""It is crucial that we find ways to support local public works projects in Ohio that will not only improve the quality of our communities but also create economic growth and provide new job opportunities for Ohio workers. Although this program is not new, reauthorizing its funding is crucial for maintaining the vital public infrastructure and water systems that we rely on every day.""","State Sen. Hearcel Craig (D-15)","https://www.13abc.com/2024/11/21/ohio-voters-could-decide-fate-program-funding-local-infrastructure-projects/","2024-12-19"
"27516","Support","""It is crucial that we find ways to support local public works projects in Ohio that will not only improve the quality of our communities but also create economic growth and provide new job opportunities for Ohio workers. Although this program is not new, reauthorizing its funding is crucial for maintaining the vital public infrastructure and water systems that we rely on every day.""","State Sen. Hearcel Craig (D-15)","https://www.13abc.com/2024/11/21/ohio-voters-could-decide-fate-program-funding-local-infrastructure-projects/","2024-12-19"
"27516","Support","""It is crucial that we find ways to support local public works projects in Ohio that will not only improve the quality of our communities but also create economic growth and provide new job opportunities for Ohio workers. Although this program is not new, reauthorizing its funding is crucial for maintaining the vital public infrastructure and water systems that we rely on every day.""","State Sen. Hearcel Craig (D-15)","https://www.13abc.com/2024/11/21/ohio-voters-could-decide-fate-program-funding-local-infrastructure-projects/","2024-12-19"
"27516","Oppose","""I do think it’s outdated, and it continues to grow. We’re in this time where we should be making tax dollars stretch as far as possible to provide as many good, solid services for people as possible and I don’t think this is the most efficient way to do that.""","State Rep. Ron Ferguson (R-96)","https://www.nbc4i.com/news/your-local-election-hq/what-yes-or-no-vote-really-means-for-ohio-issue-2-in-may-election/","2025-04-15"
"27516","Oppose","""I do think it’s outdated, and it continues to grow. We’re in this time where we should be making tax dollars stretch as far as possible to provide as many good, solid services for people as possible and I don’t think this is the most efficient way to do that.""","State Rep. Ron Ferguson (R-96)","https://www.nbc4i.com/news/your-local-election-hq/what-yes-or-no-vote-really-means-for-ohio-issue-2-in-may-election/","2025-04-15"
"27516","Oppose","""I do think it’s outdated, and it continues to grow. We’re in this time where we should be making tax dollars stretch as far as possible to provide as many good, solid services for people as possible and I don’t think this is the most efficient way to do that.""","State Rep. Ron Ferguson (R-96)","https://www.nbc4i.com/news/your-local-election-hq/what-yes-or-no-vote-really-means-for-ohio-issue-2-in-may-election/","2025-04-15"
"27516","Oppose","""I do think it’s outdated, and it continues to grow. We’re in this time where we should be making tax dollars stretch as far as possible to provide as many good, solid services for people as possible and I don’t think this is the most efficient way to do that.""","State Rep. Ron Ferguson (R-96)","https://www.nbc4i.com/news/your-local-election-hq/what-yes-or-no-vote-really-means-for-ohio-issue-2-in-may-election/","2025-04-15"
"27516","Oppose","""I do think it’s outdated, and it continues to grow. We’re in this time where we should be making tax dollars stretch as far as possible to provide as many good, solid services for people as possible and I don’t think this is the most efficient way to do that.""","State Rep. Ron Ferguson (R-96)","https://www.nbc4i.com/news/your-local-election-hq/what-yes-or-no-vote-really-means-for-ohio-issue-2-in-may-election/","2025-04-15"
"27516","Oppose","""I do think it’s outdated, and it continues to grow. We’re in this time where we should be making tax dollars stretch as far as possible to provide as many good, solid services for people as possible and I don’t think this is the most efficient way to do that.""","State Rep. Ron Ferguson (R-96)","https://www.nbc4i.com/news/your-local-election-hq/what-yes-or-no-vote-really-means-for-ohio-issue-2-in-may-election/","2025-04-15"
"27516","Support","Vote YES on Issue 2
Approving Issue 2 will continue the State Capital Improvements Program, which has existed since 1987, and help support the completion of critically important road, bridge, sewer, and other infrastructure projects in local communities, with zero increase in taxes.
• Issue 2 brings needed repairs. To keep us safe and to maintain our quality of life, local communities need help to fix deteriorating roads, bridges, and other facilities. Issue 2 renews a 38-year highly successful program to help local governments with these vital improvements.
• Issue 2 is a tried-and-true success for Ohio. First authorized in 1987, voters have renewed it three times—1995, 2005, and 2014.
• All 88 counties benefit, and thousands of jobs are created. Every Ohio county has benefited from this program, which has produced more than 19,000 grants and loans for essential, locally selected projects. Issue 2 will help thousands more projects be completed that wouldn’t be otherwise and support tens of thousands of jobs throughout Ohio. An objective grant allocation process assures fairness so that communities both large and small receive funding.
• Zero increase in taxes. Funds to repay project bonds are already built into state budget planning, so Issue 2 won’t increase your taxes. And Ohio’s strong finances and excellent bond ratings make possible a modest increase in funding for these capital improvements. Issue 2 also reduces pressure to raise local taxes.
• Bipartisan support. Issue 2 is strongly backed by Democrats and Republicans, local government groups representing counties, townships, and cities, and Ohio businesses and professional associations. The Senate (30-1) and House (87-4) overwhelmingly voted to place the program’s continued existence on the ballot this May.
Issue 2 is a proven, affordable program that’s good for our local communities.
Help build a stronger Ohio and create jobs by voting YES.","Representative Scott Oelslager, Representative Daniel Troy, Senator Brian
Chavez, and Senator Hearcel Craig (Ohio Voter Guide)","https://www.ohiosos.gov/globalassets/ballotboard/2025/02.10.25_issue-2_argument-in-support.pdf","2025-04-15"
"27516","Support","Vote YES on Issue 2
Approving Issue 2 will continue the State Capital Improvements Program, which has existed since 1987, and help support the completion of critically important road, bridge, sewer, and other infrastructure projects in local communities, with zero increase in taxes.
• Issue 2 brings needed repairs. To keep us safe and to maintain our quality of life, local communities need help to fix deteriorating roads, bridges, and other facilities. Issue 2 renews a 38-year highly successful program to help local governments with these vital improvements.
• Issue 2 is a tried-and-true success for Ohio. First authorized in 1987, voters have renewed it three times—1995, 2005, and 2014.
• All 88 counties benefit, and thousands of jobs are created. Every Ohio county has benefited from this program, which has produced more than 19,000 grants and loans for essential, locally selected projects. Issue 2 will help thousands more projects be completed that wouldn’t be otherwise and support tens of thousands of jobs throughout Ohio. An objective grant allocation process assures fairness so that communities both large and small receive funding.
• Zero increase in taxes. Funds to repay project bonds are already built into state budget planning, so Issue 2 won’t increase your taxes. And Ohio’s strong finances and excellent bond ratings make possible a modest increase in funding for these capital improvements. Issue 2 also reduces pressure to raise local taxes.
• Bipartisan support. Issue 2 is strongly backed by Democrats and Republicans, local government groups representing counties, townships, and cities, and Ohio businesses and professional associations. The Senate (30-1) and House (87-4) overwhelmingly voted to place the program’s continued existence on the ballot this May.
Issue 2 is a proven, affordable program that’s good for our local communities.
Help build a stronger Ohio and create jobs by voting YES.","Representative Scott Oelslager, Representative Daniel Troy, Senator Brian
Chavez, and Senator Hearcel Craig (Ohio Voter Guide)","https://www.ohiosos.gov/globalassets/ballotboard/2025/02.10.25_issue-2_argument-in-support.pdf","2025-04-15"
"27516","Support","Vote YES on Issue 2
Approving Issue 2 will continue the State Capital Improvements Program, which has existed since 1987, and help support the completion of critically important road, bridge, sewer, and other infrastructure projects in local communities, with zero increase in taxes.
• Issue 2 brings needed repairs. To keep us safe and to maintain our quality of life, local communities need help to fix deteriorating roads, bridges, and other facilities. Issue 2 renews a 38-year highly successful program to help local governments with these vital improvements.
• Issue 2 is a tried-and-true success for Ohio. First authorized in 1987, voters have renewed it three times—1995, 2005, and 2014.
• All 88 counties benefit, and thousands of jobs are created. Every Ohio county has benefited from this program, which has produced more than 19,000 grants and loans for essential, locally selected projects. Issue 2 will help thousands more projects be completed that wouldn’t be otherwise and support tens of thousands of jobs throughout Ohio. An objective grant allocation process assures fairness so that communities both large and small receive funding.
• Zero increase in taxes. Funds to repay project bonds are already built into state budget planning, so Issue 2 won’t increase your taxes. And Ohio’s strong finances and excellent bond ratings make possible a modest increase in funding for these capital improvements. Issue 2 also reduces pressure to raise local taxes.
• Bipartisan support. Issue 2 is strongly backed by Democrats and Republicans, local government groups representing counties, townships, and cities, and Ohio businesses and professional associations. The Senate (30-1) and House (87-4) overwhelmingly voted to place the program’s continued existence on the ballot this May.
Issue 2 is a proven, affordable program that’s good for our local communities.
Help build a stronger Ohio and create jobs by voting YES.","Representative Scott Oelslager, Representative Daniel Troy, Senator Brian
Chavez, and Senator Hearcel Craig (Ohio Voter Guide)","https://www.ohiosos.gov/globalassets/ballotboard/2025/02.10.25_issue-2_argument-in-support.pdf","2025-04-15"
"27516","Support","Vote YES on Issue 2
Approving Issue 2 will continue the State Capital Improvements Program, which has existed since 1987, and help support the completion of critically important road, bridge, sewer, and other infrastructure projects in local communities, with zero increase in taxes.
• Issue 2 brings needed repairs. To keep us safe and to maintain our quality of life, local communities need help to fix deteriorating roads, bridges, and other facilities. Issue 2 renews a 38-year highly successful program to help local governments with these vital improvements.
• Issue 2 is a tried-and-true success for Ohio. First authorized in 1987, voters have renewed it three times—1995, 2005, and 2014.
• All 88 counties benefit, and thousands of jobs are created. Every Ohio county has benefited from this program, which has produced more than 19,000 grants and loans for essential, locally selected projects. Issue 2 will help thousands more projects be completed that wouldn’t be otherwise and support tens of thousands of jobs throughout Ohio. An objective grant allocation process assures fairness so that communities both large and small receive funding.
• Zero increase in taxes. Funds to repay project bonds are already built into state budget planning, so Issue 2 won’t increase your taxes. And Ohio’s strong finances and excellent bond ratings make possible a modest increase in funding for these capital improvements. Issue 2 also reduces pressure to raise local taxes.
• Bipartisan support. Issue 2 is strongly backed by Democrats and Republicans, local government groups representing counties, townships, and cities, and Ohio businesses and professional associations. The Senate (30-1) and House (87-4) overwhelmingly voted to place the program’s continued existence on the ballot this May.
Issue 2 is a proven, affordable program that’s good for our local communities.
Help build a stronger Ohio and create jobs by voting YES.","Representative Scott Oelslager, Representative Daniel Troy, Senator Brian
Chavez, and Senator Hearcel Craig (Ohio Voter Guide)","https://www.ohiosos.gov/globalassets/ballotboard/2025/02.10.25_issue-2_argument-in-support.pdf","2025-04-15"
"27516","Support","Vote YES on Issue 2
Approving Issue 2 will continue the State Capital Improvements Program, which has existed since 1987, and help support the completion of critically important road, bridge, sewer, and other infrastructure projects in local communities, with zero increase in taxes.
• Issue 2 brings needed repairs. To keep us safe and to maintain our quality of life, local communities need help to fix deteriorating roads, bridges, and other facilities. Issue 2 renews a 38-year highly successful program to help local governments with these vital improvements.
• Issue 2 is a tried-and-true success for Ohio. First authorized in 1987, voters have renewed it three times—1995, 2005, and 2014.
• All 88 counties benefit, and thousands of jobs are created. Every Ohio county has benefited from this program, which has produced more than 19,000 grants and loans for essential, locally selected projects. Issue 2 will help thousands more projects be completed that wouldn’t be otherwise and support tens of thousands of jobs throughout Ohio. An objective grant allocation process assures fairness so that communities both large and small receive funding.
• Zero increase in taxes. Funds to repay project bonds are already built into state budget planning, so Issue 2 won’t increase your taxes. And Ohio’s strong finances and excellent bond ratings make possible a modest increase in funding for these capital improvements. Issue 2 also reduces pressure to raise local taxes.
• Bipartisan support. Issue 2 is strongly backed by Democrats and Republicans, local government groups representing counties, townships, and cities, and Ohio businesses and professional associations. The Senate (30-1) and House (87-4) overwhelmingly voted to place the program’s continued existence on the ballot this May.
Issue 2 is a proven, affordable program that’s good for our local communities.
Help build a stronger Ohio and create jobs by voting YES.","Representative Scott Oelslager, Representative Daniel Troy, Senator Brian
Chavez, and Senator Hearcel Craig (Ohio Voter Guide)","https://www.ohiosos.gov/globalassets/ballotboard/2025/02.10.25_issue-2_argument-in-support.pdf","2025-04-15"
"27516","Support","Vote YES on Issue 2
Approving Issue 2 will continue the State Capital Improvements Program, which has existed since 1987, and help support the completion of critically important road, bridge, sewer, and other infrastructure projects in local communities, with zero increase in taxes.
• Issue 2 brings needed repairs. To keep us safe and to maintain our quality of life, local communities need help to fix deteriorating roads, bridges, and other facilities. Issue 2 renews a 38-year highly successful program to help local governments with these vital improvements.
• Issue 2 is a tried-and-true success for Ohio. First authorized in 1987, voters have renewed it three times—1995, 2005, and 2014.
• All 88 counties benefit, and thousands of jobs are created. Every Ohio county has benefited from this program, which has produced more than 19,000 grants and loans for essential, locally selected projects. Issue 2 will help thousands more projects be completed that wouldn’t be otherwise and support tens of thousands of jobs throughout Ohio. An objective grant allocation process assures fairness so that communities both large and small receive funding.
• Zero increase in taxes. Funds to repay project bonds are already built into state budget planning, so Issue 2 won’t increase your taxes. And Ohio’s strong finances and excellent bond ratings make possible a modest increase in funding for these capital improvements. Issue 2 also reduces pressure to raise local taxes.
• Bipartisan support. Issue 2 is strongly backed by Democrats and Republicans, local government groups representing counties, townships, and cities, and Ohio businesses and professional associations. The Senate (30-1) and House (87-4) overwhelmingly voted to place the program’s continued existence on the ballot this May.
Issue 2 is a proven, affordable program that’s good for our local communities.
Help build a stronger Ohio and create jobs by voting YES.","Representative Scott Oelslager, Representative Daniel Troy, Senator Brian
Chavez, and Senator Hearcel Craig (Ohio Voter Guide)","https://www.ohiosos.gov/globalassets/ballotboard/2025/02.10.25_issue-2_argument-in-support.pdf","2025-04-15"
"27516","Oppose","Issue 2 allows the state to issue more general obligation bonds, increasing indebtedness to pay for public infrastructure capital improvements. As a result, all Ohio taxpayers will be paying interest on those bonds to cover local government projects including roads, bridges, waste water treatment systems, water supply systems, solid waste disposal facilities and storm water and sanitary collection, storage and treatment facilities. These are community-based projects from which many Ohioans may not see a direct benefit and which local governments should prioritize and pay for using locally-raised dollars. The state government has gone back to voters numerous times for permission to issue more general obligation bonds, most recently in 2014. Issue 2 represents an increase in the amount of borrowed money and spending on local infrastructure as compared to previous years, now totaling 2.5 billion dollars. Though the newly issued bonds will pay for projects over the next decade, it may take up to three times that long to pay them back as outlined in the full text of House Joint Resolution 8, which placed Issue 2 on the ballot: ""Each issue of obligations issued under this section shall mature in not more than thirty years from the date of issuance, or, if issued to retire or refund other obligations, within that number of years from the date the debt being retired or refunded was originally issued."" Vote NO on Issue 2.","Ohio Ballot Board (Ohio Voter Guide) (the opposition statement was made by the Ohio Ballot Board in the absence of any submission in opposition)","https://www.ohiosos.gov/globalassets/ballotboard/2025/certified-argument-against-issue-2.pdf","2025-04-15"
"27516","Oppose","Issue 2 allows the state to issue more general obligation bonds, increasing indebtedness to pay for public infrastructure capital improvements. As a result, all Ohio taxpayers will be paying interest on those bonds to cover local government projects including roads, bridges, waste water treatment systems, water supply systems, solid waste disposal facilities and storm water and sanitary collection, storage and treatment facilities. These are community-based projects from which many Ohioans may not see a direct benefit and which local governments should prioritize and pay for using locally-raised dollars. The state government has gone back to voters numerous times for permission to issue more general obligation bonds, most recently in 2014. Issue 2 represents an increase in the amount of borrowed money and spending on local infrastructure as compared to previous years, now totaling 2.5 billion dollars. Though the newly issued bonds will pay for projects over the next decade, it may take up to three times that long to pay them back as outlined in the full text of House Joint Resolution 8, which placed Issue 2 on the ballot: ""Each issue of obligations issued under this section shall mature in not more than thirty years from the date of issuance, or, if issued to retire or refund other obligations, within that number of years from the date the debt being retired or refunded was originally issued."" Vote NO on Issue 2.","Ohio Ballot Board (Ohio Voter Guide) (the opposition statement was made by the Ohio Ballot Board in the absence of any submission in opposition)","https://www.ohiosos.gov/globalassets/ballotboard/2025/certified-argument-against-issue-2.pdf","2025-04-15"
"27516","Oppose","Issue 2 allows the state to issue more general obligation bonds, increasing indebtedness to pay for public infrastructure capital improvements. As a result, all Ohio taxpayers will be paying interest on those bonds to cover local government projects including roads, bridges, waste water treatment systems, water supply systems, solid waste disposal facilities and storm water and sanitary collection, storage and treatment facilities. These are community-based projects from which many Ohioans may not see a direct benefit and which local governments should prioritize and pay for using locally-raised dollars. The state government has gone back to voters numerous times for permission to issue more general obligation bonds, most recently in 2014. Issue 2 represents an increase in the amount of borrowed money and spending on local infrastructure as compared to previous years, now totaling 2.5 billion dollars. Though the newly issued bonds will pay for projects over the next decade, it may take up to three times that long to pay them back as outlined in the full text of House Joint Resolution 8, which placed Issue 2 on the ballot: ""Each issue of obligations issued under this section shall mature in not more than thirty years from the date of issuance, or, if issued to retire or refund other obligations, within that number of years from the date the debt being retired or refunded was originally issued."" Vote NO on Issue 2.","Ohio Ballot Board (Ohio Voter Guide) (the opposition statement was made by the Ohio Ballot Board in the absence of any submission in opposition)","https://www.ohiosos.gov/globalassets/ballotboard/2025/certified-argument-against-issue-2.pdf","2025-04-15"
"27516","Oppose","Issue 2 allows the state to issue more general obligation bonds, increasing indebtedness to pay for public infrastructure capital improvements. As a result, all Ohio taxpayers will be paying interest on those bonds to cover local government projects including roads, bridges, waste water treatment systems, water supply systems, solid waste disposal facilities and storm water and sanitary collection, storage and treatment facilities. These are community-based projects from which many Ohioans may not see a direct benefit and which local governments should prioritize and pay for using locally-raised dollars. The state government has gone back to voters numerous times for permission to issue more general obligation bonds, most recently in 2014. Issue 2 represents an increase in the amount of borrowed money and spending on local infrastructure as compared to previous years, now totaling 2.5 billion dollars. Though the newly issued bonds will pay for projects over the next decade, it may take up to three times that long to pay them back as outlined in the full text of House Joint Resolution 8, which placed Issue 2 on the ballot: ""Each issue of obligations issued under this section shall mature in not more than thirty years from the date of issuance, or, if issued to retire or refund other obligations, within that number of years from the date the debt being retired or refunded was originally issued."" Vote NO on Issue 2.","Ohio Ballot Board (Ohio Voter Guide) (the opposition statement was made by the Ohio Ballot Board in the absence of any submission in opposition)","https://www.ohiosos.gov/globalassets/ballotboard/2025/certified-argument-against-issue-2.pdf","2025-04-15"
"27516","Oppose","Issue 2 allows the state to issue more general obligation bonds, increasing indebtedness to pay for public infrastructure capital improvements. As a result, all Ohio taxpayers will be paying interest on those bonds to cover local government projects including roads, bridges, waste water treatment systems, water supply systems, solid waste disposal facilities and storm water and sanitary collection, storage and treatment facilities. These are community-based projects from which many Ohioans may not see a direct benefit and which local governments should prioritize and pay for using locally-raised dollars. The state government has gone back to voters numerous times for permission to issue more general obligation bonds, most recently in 2014. Issue 2 represents an increase in the amount of borrowed money and spending on local infrastructure as compared to previous years, now totaling 2.5 billion dollars. Though the newly issued bonds will pay for projects over the next decade, it may take up to three times that long to pay them back as outlined in the full text of House Joint Resolution 8, which placed Issue 2 on the ballot: ""Each issue of obligations issued under this section shall mature in not more than thirty years from the date of issuance, or, if issued to retire or refund other obligations, within that number of years from the date the debt being retired or refunded was originally issued."" Vote NO on Issue 2.","Ohio Ballot Board (Ohio Voter Guide) (the opposition statement was made by the Ohio Ballot Board in the absence of any submission in opposition)","https://www.ohiosos.gov/globalassets/ballotboard/2025/certified-argument-against-issue-2.pdf","2025-04-15"
"27516","Oppose","Issue 2 allows the state to issue more general obligation bonds, increasing indebtedness to pay for public infrastructure capital improvements. As a result, all Ohio taxpayers will be paying interest on those bonds to cover local government projects including roads, bridges, waste water treatment systems, water supply systems, solid waste disposal facilities and storm water and sanitary collection, storage and treatment facilities. These are community-based projects from which many Ohioans may not see a direct benefit and which local governments should prioritize and pay for using locally-raised dollars. The state government has gone back to voters numerous times for permission to issue more general obligation bonds, most recently in 2014. Issue 2 represents an increase in the amount of borrowed money and spending on local infrastructure as compared to previous years, now totaling 2.5 billion dollars. Though the newly issued bonds will pay for projects over the next decade, it may take up to three times that long to pay them back as outlined in the full text of House Joint Resolution 8, which placed Issue 2 on the ballot: ""Each issue of obligations issued under this section shall mature in not more than thirty years from the date of issuance, or, if issued to retire or refund other obligations, within that number of years from the date the debt being retired or refunded was originally issued."" Vote NO on Issue 2.","Ohio Ballot Board (Ohio Voter Guide) (the opposition statement was made by the Ohio Ballot Board in the absence of any submission in opposition)","https://www.ohiosos.gov/globalassets/ballotboard/2025/certified-argument-against-issue-2.pdf","2025-04-15"
"27516","Support","""One of the virtues of the infrastructure work that would be mustered by State Issue 2 (and which its earlier versions also provided) is that it gives local officials a significant voice in deciding which community improvements should be prioritized, their scale and details. That is, Issue 2, like its four voter-OK’d predecessors, empowers a community’s leaders to make local decisions about local needs, as opposed to what at times may seem like a “Columbus-knows-best” approach when state government aids communities. Plainly put, State Issue 2 is a good deal for Ohio communities, for their taxpayers, and for local officials striving to address needs for facilities that boost communities’ safety, health, traffic-flow and sanitation.""","Cleveland.com Editorial Board","https://www.cleveland.com/opinion/2025/04/yes-on-state-issue-2-supporting-local-improvements-without-a-tax-hike-endorsement-editorial.html","2025-04-25"
"27516","Support","""One of the virtues of the infrastructure work that would be mustered by State Issue 2 (and which its earlier versions also provided) is that it gives local officials a significant voice in deciding which community improvements should be prioritized, their scale and details. That is, Issue 2, like its four voter-OK’d predecessors, empowers a community’s leaders to make local decisions about local needs, as opposed to what at times may seem like a “Columbus-knows-best” approach when state government aids communities. Plainly put, State Issue 2 is a good deal for Ohio communities, for their taxpayers, and for local officials striving to address needs for facilities that boost communities’ safety, health, traffic-flow and sanitation.""","Cleveland.com Editorial Board","https://www.cleveland.com/opinion/2025/04/yes-on-state-issue-2-supporting-local-improvements-without-a-tax-hike-endorsement-editorial.html","2025-04-25"
"27516","Support","""One of the virtues of the infrastructure work that would be mustered by State Issue 2 (and which its earlier versions also provided) is that it gives local officials a significant voice in deciding which community improvements should be prioritized, their scale and details. That is, Issue 2, like its four voter-OK’d predecessors, empowers a community’s leaders to make local decisions about local needs, as opposed to what at times may seem like a “Columbus-knows-best” approach when state government aids communities. Plainly put, State Issue 2 is a good deal for Ohio communities, for their taxpayers, and for local officials striving to address needs for facilities that boost communities’ safety, health, traffic-flow and sanitation.""","Cleveland.com Editorial Board","https://www.cleveland.com/opinion/2025/04/yes-on-state-issue-2-supporting-local-improvements-without-a-tax-hike-endorsement-editorial.html","2025-04-25"
"27516","Support","""One of the virtues of the infrastructure work that would be mustered by State Issue 2 (and which its earlier versions also provided) is that it gives local officials a significant voice in deciding which community improvements should be prioritized, their scale and details. That is, Issue 2, like its four voter-OK’d predecessors, empowers a community’s leaders to make local decisions about local needs, as opposed to what at times may seem like a “Columbus-knows-best” approach when state government aids communities. Plainly put, State Issue 2 is a good deal for Ohio communities, for their taxpayers, and for local officials striving to address needs for facilities that boost communities’ safety, health, traffic-flow and sanitation.""","Cleveland.com Editorial Board","https://www.cleveland.com/opinion/2025/04/yes-on-state-issue-2-supporting-local-improvements-without-a-tax-hike-endorsement-editorial.html","2025-04-25"
"27516","Support","""One of the virtues of the infrastructure work that would be mustered by State Issue 2 (and which its earlier versions also provided) is that it gives local officials a significant voice in deciding which community improvements should be prioritized, their scale and details. That is, Issue 2, like its four voter-OK’d predecessors, empowers a community’s leaders to make local decisions about local needs, as opposed to what at times may seem like a “Columbus-knows-best” approach when state government aids communities. Plainly put, State Issue 2 is a good deal for Ohio communities, for their taxpayers, and for local officials striving to address needs for facilities that boost communities’ safety, health, traffic-flow and sanitation.""","Cleveland.com Editorial Board","https://www.cleveland.com/opinion/2025/04/yes-on-state-issue-2-supporting-local-improvements-without-a-tax-hike-endorsement-editorial.html","2025-04-25"
"27516","Support","""One of the virtues of the infrastructure work that would be mustered by State Issue 2 (and which its earlier versions also provided) is that it gives local officials a significant voice in deciding which community improvements should be prioritized, their scale and details. That is, Issue 2, like its four voter-OK’d predecessors, empowers a community’s leaders to make local decisions about local needs, as opposed to what at times may seem like a “Columbus-knows-best” approach when state government aids communities. Plainly put, State Issue 2 is a good deal for Ohio communities, for their taxpayers, and for local officials striving to address needs for facilities that boost communities’ safety, health, traffic-flow and sanitation.""","Cleveland.com Editorial Board","https://www.cleveland.com/opinion/2025/04/yes-on-state-issue-2-supporting-local-improvements-without-a-tax-hike-endorsement-editorial.html","2025-04-25"
"27516","Support","""There’s simply no good reason to vote no on Issue 2. Once again, no new taxes are needed to pay the debt service and the borrowing guarantees lawmakers will have to support needed projects. Left to their own device, the Ohio General Assembly is likely to blow billions on legislative leaders’ pet programs. But we have to give lawmakers credit for a wise change in state issue election protocol. Rather than reset the issue number in each election, which has created confusion about the details of ballot issues with continuously reused numbers, Ohio issues will not reset until there have been 500 numbered issue votes.""","The Blade Editorial Board","https://www.toledoblade.com/opinion/editorials/2025/04/08/editorial-yes-on-2/stories/20250408023","2025-04-25"
"27516","Support","""There’s simply no good reason to vote no on Issue 2. Once again, no new taxes are needed to pay the debt service and the borrowing guarantees lawmakers will have to support needed projects. Left to their own device, the Ohio General Assembly is likely to blow billions on legislative leaders’ pet programs. But we have to give lawmakers credit for a wise change in state issue election protocol. Rather than reset the issue number in each election, which has created confusion about the details of ballot issues with continuously reused numbers, Ohio issues will not reset until there have been 500 numbered issue votes.""","The Blade Editorial Board","https://www.toledoblade.com/opinion/editorials/2025/04/08/editorial-yes-on-2/stories/20250408023","2025-04-25"
"27516","Support","""There’s simply no good reason to vote no on Issue 2. Once again, no new taxes are needed to pay the debt service and the borrowing guarantees lawmakers will have to support needed projects. Left to their own device, the Ohio General Assembly is likely to blow billions on legislative leaders’ pet programs. But we have to give lawmakers credit for a wise change in state issue election protocol. Rather than reset the issue number in each election, which has created confusion about the details of ballot issues with continuously reused numbers, Ohio issues will not reset until there have been 500 numbered issue votes.""","The Blade Editorial Board","https://www.toledoblade.com/opinion/editorials/2025/04/08/editorial-yes-on-2/stories/20250408023","2025-04-25"
"27516","Support","""There’s simply no good reason to vote no on Issue 2. Once again, no new taxes are needed to pay the debt service and the borrowing guarantees lawmakers will have to support needed projects. Left to their own device, the Ohio General Assembly is likely to blow billions on legislative leaders’ pet programs. But we have to give lawmakers credit for a wise change in state issue election protocol. Rather than reset the issue number in each election, which has created confusion about the details of ballot issues with continuously reused numbers, Ohio issues will not reset until there have been 500 numbered issue votes.""","The Blade Editorial Board","https://www.toledoblade.com/opinion/editorials/2025/04/08/editorial-yes-on-2/stories/20250408023","2025-04-25"
"27516","Support","""There’s simply no good reason to vote no on Issue 2. Once again, no new taxes are needed to pay the debt service and the borrowing guarantees lawmakers will have to support needed projects. Left to their own device, the Ohio General Assembly is likely to blow billions on legislative leaders’ pet programs. But we have to give lawmakers credit for a wise change in state issue election protocol. Rather than reset the issue number in each election, which has created confusion about the details of ballot issues with continuously reused numbers, Ohio issues will not reset until there have been 500 numbered issue votes.""","The Blade Editorial Board","https://www.toledoblade.com/opinion/editorials/2025/04/08/editorial-yes-on-2/stories/20250408023","2025-04-25"
"27516","Support","""There’s simply no good reason to vote no on Issue 2. Once again, no new taxes are needed to pay the debt service and the borrowing guarantees lawmakers will have to support needed projects. Left to their own device, the Ohio General Assembly is likely to blow billions on legislative leaders’ pet programs. But we have to give lawmakers credit for a wise change in state issue election protocol. Rather than reset the issue number in each election, which has created confusion about the details of ballot issues with continuously reused numbers, Ohio issues will not reset until there have been 500 numbered issue votes.""","The Blade Editorial Board","https://www.toledoblade.com/opinion/editorials/2025/04/08/editorial-yes-on-2/stories/20250408023","2025-04-25"
"27516","Support","""Among the benefits of the proposal, in addition to providing vital funds to improve our state’s infrastructure, according to the statewide nonpartisan Strong Ohio Communities coalition, it is expected to create 35,000 good-paying construction jobs across the state while relying on existing state revenues. It provides critical funding to local governments for fixing and maintaining vital local infrastructure without raising taxes.""","Mike Pniewski, Lucas County engineer","https://www.toledoblade.com/opinion/letters-to-the-editor/2025/04/12/to-editor-vote-yes-on-issue-2-on-may-6/stories/20250406074","2025-04-29"
"27516","Support","""Among the benefits of the proposal, in addition to providing vital funds to improve our state’s infrastructure, according to the statewide nonpartisan Strong Ohio Communities coalition, it is expected to create 35,000 good-paying construction jobs across the state while relying on existing state revenues. It provides critical funding to local governments for fixing and maintaining vital local infrastructure without raising taxes.""","Mike Pniewski, Lucas County engineer","https://www.toledoblade.com/opinion/letters-to-the-editor/2025/04/12/to-editor-vote-yes-on-issue-2-on-may-6/stories/20250406074","2025-04-29"
"27516","Support","""Among the benefits of the proposal, in addition to providing vital funds to improve our state’s infrastructure, according to the statewide nonpartisan Strong Ohio Communities coalition, it is expected to create 35,000 good-paying construction jobs across the state while relying on existing state revenues. It provides critical funding to local governments for fixing and maintaining vital local infrastructure without raising taxes.""","Mike Pniewski, Lucas County engineer","https://www.toledoblade.com/opinion/letters-to-the-editor/2025/04/12/to-editor-vote-yes-on-issue-2-on-may-6/stories/20250406074","2025-04-29"
"27516","Support","""Among the benefits of the proposal, in addition to providing vital funds to improve our state’s infrastructure, according to the statewide nonpartisan Strong Ohio Communities coalition, it is expected to create 35,000 good-paying construction jobs across the state while relying on existing state revenues. It provides critical funding to local governments for fixing and maintaining vital local infrastructure without raising taxes.""","Mike Pniewski, Lucas County engineer","https://www.toledoblade.com/opinion/letters-to-the-editor/2025/04/12/to-editor-vote-yes-on-issue-2-on-may-6/stories/20250406074","2025-04-29"
"27516","Support","""Among the benefits of the proposal, in addition to providing vital funds to improve our state’s infrastructure, according to the statewide nonpartisan Strong Ohio Communities coalition, it is expected to create 35,000 good-paying construction jobs across the state while relying on existing state revenues. It provides critical funding to local governments for fixing and maintaining vital local infrastructure without raising taxes.""","Mike Pniewski, Lucas County engineer","https://www.toledoblade.com/opinion/letters-to-the-editor/2025/04/12/to-editor-vote-yes-on-issue-2-on-may-6/stories/20250406074","2025-04-29"
"27516","Support","""Among the benefits of the proposal, in addition to providing vital funds to improve our state’s infrastructure, according to the statewide nonpartisan Strong Ohio Communities coalition, it is expected to create 35,000 good-paying construction jobs across the state while relying on existing state revenues. It provides critical funding to local governments for fixing and maintaining vital local infrastructure without raising taxes.""","Mike Pniewski, Lucas County engineer","https://www.toledoblade.com/opinion/letters-to-the-editor/2025/04/12/to-editor-vote-yes-on-issue-2-on-may-6/stories/20250406074","2025-04-29"
"27560","Support","""We know that Mainers reject a false choice between gun rights and gun responsibility. That we can respect the freedom to own guns, but also respect that communities have the right to feel safe.""","Nacole Palmer, executive director of the Maine Gun Safety Coalition","https://www.mainepublic.org/politics/2025-01-23/stymied-in-the-maine-legislature-gun-control-activists-hope-voters-will-approve-red-flag-law","2025-01-28"
"27560","Support","""We know that Mainers reject a false choice between gun rights and gun responsibility. That we can respect the freedom to own guns, but also respect that communities have the right to feel safe.""","Nacole Palmer, executive director of the Maine Gun Safety Coalition","https://www.mainepublic.org/politics/2025-01-23/stymied-in-the-maine-legislature-gun-control-activists-hope-voters-will-approve-red-flag-law","2025-01-28"
"27560","Oppose","""While the Maine Gun Safety Coalition continues to utilize emotional pleas in an attempt to manipulate the people of Maine, Gun Owners of Maine will stand ready with the facts, and will continue to defend the rights of responsible gun owners in the face of the anti-gun rights lobby's attempt to turn Maine into states like New York, Illinois and California.""","Laura Whitcomb, president of the Gun Owners of Maine","https://www.yahoo.com/news/gun-safety-advocates-turn-signatures-173100361.html","2025-01-28"
"27560","Oppose","""While the Maine Gun Safety Coalition continues to utilize emotional pleas in an attempt to manipulate the people of Maine, Gun Owners of Maine will stand ready with the facts, and will continue to defend the rights of responsible gun owners in the face of the anti-gun rights lobby's attempt to turn Maine into states like New York, Illinois and California.""","Laura Whitcomb, president of the Gun Owners of Maine","https://www.yahoo.com/news/gun-safety-advocates-turn-signatures-173100361.html","2025-01-28"
"27560","Oppose","""It is the responsibility of law enforcement, not that of a private citizen, to protect the public. Further, we do not believe a private citizen should be expected to navigate what can be a complex and confusing court procedure by themselves, especially in the middle of already difficult circumstances.""","Chief Counsel of the State Governor, Jerry Reid","https://www.yahoo.com/news/red-flag-hearing-offers-preview-230000746.html","2025-06-16"
"27560","Oppose","""It is the responsibility of law enforcement, not that of a private citizen, to protect the public. Further, we do not believe a private citizen should be expected to navigate what can be a complex and confusing court procedure by themselves, especially in the middle of already difficult circumstances.""","Chief Counsel of the State Governor, Jerry Reid","https://www.yahoo.com/news/red-flag-hearing-offers-preview-230000746.html","2025-06-16"
"27560","Oppose","""Service of these orders will be extremely high risk. Under the yellow flag law, we have the opportunity to serve the person in the confines of a hospital and then work with family members on the relinquishment of firearms. Under this proposed bill, we would be going to that residence and serving the order and taking the weapons after a finding of dangerousness.""","Lt. Michael Johnston of the Maine State Police","https://www.yahoo.com/news/red-flag-hearing-offers-preview-230000746.html","2025-06-16"
"27560","Oppose","""Service of these orders will be extremely high risk. Under the yellow flag law, we have the opportunity to serve the person in the confines of a hospital and then work with family members on the relinquishment of firearms. Under this proposed bill, we would be going to that residence and serving the order and taking the weapons after a finding of dangerousness.""","Lt. Michael Johnston of the Maine State Police","https://www.yahoo.com/news/red-flag-hearing-offers-preview-230000746.html","2025-06-16"
"27560","Support","""If this act is enacted, it will not replace the yellow flag law but will expand the range of options and provide another avenue for emergency weapons removal when appropriate.""","David Moltz of the Maine Association of Psychiatric Physicians","https://www.yahoo.com/news/red-flag-hearing-offers-preview-230000746.html","2025-06-16"
"27560","Support","""If this act is enacted, it will not replace the yellow flag law but will expand the range of options and provide another avenue for emergency weapons removal when appropriate.""","David Moltz of the Maine Association of Psychiatric Physicians","https://www.yahoo.com/news/red-flag-hearing-offers-preview-230000746.html","2025-06-16"
"27525","Oppose","""These kinds of voter suppression techniques follow a long line of racist and classist history in America. From grandfather clauses (limiting voters to only those whose ancestors were allowed to vote) to poll taxes to literacy tests to English proficiency—what we now call Jim Crow laws—are all cut from the same cloth.""","Former Portland Mayor Ethan Strimling (D)","https://mainebeacon.com/opinion-why-you-should-vote-no-on-question-1-to-save-absentee-voting/","2025-08-11"
"27525","Oppose","""These kinds of voter suppression techniques follow a long line of racist and classist history in America. From grandfather clauses (limiting voters to only those whose ancestors were allowed to vote) to poll taxes to literacy tests to English proficiency—what we now call Jim Crow laws—are all cut from the same cloth.""","Former Portland Mayor Ethan Strimling (D)","https://mainebeacon.com/opinion-why-you-should-vote-no-on-question-1-to-save-absentee-voting/","2025-08-11"
"27525","Oppose","""These kinds of voter suppression techniques follow a long line of racist and classist history in America. From grandfather clauses (limiting voters to only those whose ancestors were allowed to vote) to poll taxes to literacy tests to English proficiency—what we now call Jim Crow laws—are all cut from the same cloth.""","Former Portland Mayor Ethan Strimling (D)","https://mainebeacon.com/opinion-why-you-should-vote-no-on-question-1-to-save-absentee-voting/","2025-08-11"
"27525","Oppose","""The U.S. Constitution clearly invests states and Congress, not a president or the federal government in general, with the power to run elections. States have wide latitude in determining when, where and how elections are held. The Trump administration, with help from Republican allies, are chipping away at that authority. Trump’s fact-challenged declaration comes as Republicans across the country are working to limit who can vote and to change other election rules and systems. In Maine, a group led by far-right state Rep. Laurel Libby, R-Auburn, succeeded in getting a measure on the November ballot that purports to be about requiring a photo ID to vote. While Question 1 would require such identification, the ballot question goes much further, restricting access to and availability of absentee ballots and limiting the number of ballot drop boxes, in addition to requiring new, cumbersome oversight of elections. Trump’s screed makes it clear that restricting who votes in hopes of bolstering Republicans, not election integrity, is the goal of such measures.""","The Bangor Daily News Editorial Board","https://www.bangordailynews.com/2025/08/20/opinion/editorials/maine-voter-id-referendum-vladimir-putin-playbook-donald-trump/","2025-08-20"
"27525","Oppose","""The U.S. Constitution clearly invests states and Congress, not a president or the federal government in general, with the power to run elections. States have wide latitude in determining when, where and how elections are held. The Trump administration, with help from Republican allies, are chipping away at that authority. Trump’s fact-challenged declaration comes as Republicans across the country are working to limit who can vote and to change other election rules and systems. In Maine, a group led by far-right state Rep. Laurel Libby, R-Auburn, succeeded in getting a measure on the November ballot that purports to be about requiring a photo ID to vote. While Question 1 would require such identification, the ballot question goes much further, restricting access to and availability of absentee ballots and limiting the number of ballot drop boxes, in addition to requiring new, cumbersome oversight of elections. Trump’s screed makes it clear that restricting who votes in hopes of bolstering Republicans, not election integrity, is the goal of such measures.""","The Bangor Daily News Editorial Board","https://www.bangordailynews.com/2025/08/20/opinion/editorials/maine-voter-id-referendum-vladimir-putin-playbook-donald-trump/","2025-08-20"
"27525","Oppose","""The U.S. Constitution clearly invests states and Congress, not a president or the federal government in general, with the power to run elections. States have wide latitude in determining when, where and how elections are held. The Trump administration, with help from Republican allies, are chipping away at that authority. Trump’s fact-challenged declaration comes as Republicans across the country are working to limit who can vote and to change other election rules and systems. In Maine, a group led by far-right state Rep. Laurel Libby, R-Auburn, succeeded in getting a measure on the November ballot that purports to be about requiring a photo ID to vote. While Question 1 would require such identification, the ballot question goes much further, restricting access to and availability of absentee ballots and limiting the number of ballot drop boxes, in addition to requiring new, cumbersome oversight of elections. Trump’s screed makes it clear that restricting who votes in hopes of bolstering Republicans, not election integrity, is the goal of such measures.""","The Bangor Daily News Editorial Board","https://www.bangordailynews.com/2025/08/20/opinion/editorials/maine-voter-id-referendum-vladimir-putin-playbook-donald-trump/","2025-08-20"
"27525","Oppose","""The voter ID requirement proposed by this campaign would be one of the most restrictive anywhere in the county. It would require photo ID to vote and to vote absentee, and it would exclude a number of currently accepted IDs. But that’s not all. The legislation behind the referendum is also an attack on absentee voting. It will repeal ongoing absentee voting, where a voter can sign up to have an absentee ballot mailed to them automatically for each election cycle, and it limits the use and number of absentee ballot dropboxes to the point where some towns may find it impractical to offer them. It makes it impossible for voters to request an absentee ballot over the phone. It prevents an authorized third party from delivering an absentee ballot, a service that many elderly and disabled Mainers rely on.""","Anna Kellar, executive director of the League of Women Voters of Maine","https://www.lwvme.org/node/3408?a0=articles&a1=","2025-01-22"
"27525","Oppose","""The voter ID requirement proposed by this campaign would be one of the most restrictive anywhere in the county. It would require photo ID to vote and to vote absentee, and it would exclude a number of currently accepted IDs. But that’s not all. The legislation behind the referendum is also an attack on absentee voting. It will repeal ongoing absentee voting, where a voter can sign up to have an absentee ballot mailed to them automatically for each election cycle, and it limits the use and number of absentee ballot dropboxes to the point where some towns may find it impractical to offer them. It makes it impossible for voters to request an absentee ballot over the phone. It prevents an authorized third party from delivering an absentee ballot, a service that many elderly and disabled Mainers rely on.""","Anna Kellar, executive director of the League of Women Voters of Maine","https://www.lwvme.org/node/3408?a0=articles&a1=","2025-01-22"
"27525","Oppose","""The voter ID requirement proposed by this campaign would be one of the most restrictive anywhere in the county. It would require photo ID to vote and to vote absentee, and it would exclude a number of currently accepted IDs. But that’s not all. The legislation behind the referendum is also an attack on absentee voting. It will repeal ongoing absentee voting, where a voter can sign up to have an absentee ballot mailed to them automatically for each election cycle, and it limits the use and number of absentee ballot dropboxes to the point where some towns may find it impractical to offer them. It makes it impossible for voters to request an absentee ballot over the phone. It prevents an authorized third party from delivering an absentee ballot, a service that many elderly and disabled Mainers rely on.""","Anna Kellar, executive director of the League of Women Voters of Maine","https://www.lwvme.org/node/3408?a0=articles&a1=","2025-01-22"
"27525","Support","""Maine people are reasonable. They want to have confidence that we have strong elections in our state and they understand that requiring an ID to vote is not radical. It’s not extreme. It’s common sense.""","State Rep Laurel Libby (R)","https://www.pressherald.com/2025/01/06/supporters-of-a-maine-voter-id-law-hand-in-signatures-to-force-referendum/","2025-01-24"
"27525","Support","""Maine people are reasonable. They want to have confidence that we have strong elections in our state and they understand that requiring an ID to vote is not radical. It’s not extreme. It’s common sense.""","State Rep Laurel Libby (R)","https://www.pressherald.com/2025/01/06/supporters-of-a-maine-voter-id-law-hand-in-signatures-to-force-referendum/","2025-01-24"
"27525","Support","""Maine people are reasonable. They want to have confidence that we have strong elections in our state and they understand that requiring an ID to vote is not radical. It’s not extreme. It’s common sense.""","State Rep Laurel Libby (R)","https://www.pressherald.com/2025/01/06/supporters-of-a-maine-voter-id-law-hand-in-signatures-to-force-referendum/","2025-01-24"
"27525","Oppose","""Reading this bill, I have many concerns. Reasonable people can agree to disagree about whether specific types of voter ID should be shown when you go to vote … but the citizen’s initiative presented to us today has so much more that is really problematic.""","Maine Secretary of State Shenna Bellows (D)","https://www.pressherald.com/2025/01/06/supporters-of-a-maine-voter-id-law-hand-in-signatures-to-force-referendum/","2025-01-24"
"27525","Oppose","""Reading this bill, I have many concerns. Reasonable people can agree to disagree about whether specific types of voter ID should be shown when you go to vote … but the citizen’s initiative presented to us today has so much more that is really problematic.""","Maine Secretary of State Shenna Bellows (D)","https://www.pressherald.com/2025/01/06/supporters-of-a-maine-voter-id-law-hand-in-signatures-to-force-referendum/","2025-01-24"
"27525","Oppose","""Reading this bill, I have many concerns. Reasonable people can agree to disagree about whether specific types of voter ID should be shown when you go to vote … but the citizen’s initiative presented to us today has so much more that is really problematic.""","Maine Secretary of State Shenna Bellows (D)","https://www.pressherald.com/2025/01/06/supporters-of-a-maine-voter-id-law-hand-in-signatures-to-force-referendum/","2025-01-24"
"27525","Support","""Voter ID for ME strengthens election integrity by ensuring absentee ballots are sent only to voters who request them. By requiring voters to request absentee ballots each election, the risk of ballots being sent to outdated or incorrect addresses is minimized. This results in fewer returned ballots, and less opportunity for confusion or misuse. It’s a proactive step to keep elections secure and responsive to current voter participation, while still protecting absentee voting access.""","Voter ID for ME","https://voteridforme.com/?fbclid=IwZXh0bgNhZW0CMTAAAR3Y-FkCMZIqkEeliqBXSGRF-or8O5bU2l6QjjL0twTUS6HsYOLbJ0-dkBM_aem_AYhPnJkpO_rJF3UiaJJdoDBGi7D5Sl_Cg8_9KIqZcUsGvPh-lEZay5QRIxFuvxUiPvyuEprasSi3vwImnDJMeIZJ#involved","2025-08-28"
"27525","Support","""Voter ID for ME strengthens election integrity by ensuring absentee ballots are sent only to voters who request them. By requiring voters to request absentee ballots each election, the risk of ballots being sent to outdated or incorrect addresses is minimized. This results in fewer returned ballots, and less opportunity for confusion or misuse. It’s a proactive step to keep elections secure and responsive to current voter participation, while still protecting absentee voting access.""","Voter ID for ME","https://voteridforme.com/?fbclid=IwZXh0bgNhZW0CMTAAAR3Y-FkCMZIqkEeliqBXSGRF-or8O5bU2l6QjjL0twTUS6HsYOLbJ0-dkBM_aem_AYhPnJkpO_rJF3UiaJJdoDBGi7D5Sl_Cg8_9KIqZcUsGvPh-lEZay5QRIxFuvxUiPvyuEprasSi3vwImnDJMeIZJ#involved","2025-08-28"
"27525","Support","""Voter ID for ME strengthens election integrity by ensuring absentee ballots are sent only to voters who request them. By requiring voters to request absentee ballots each election, the risk of ballots being sent to outdated or incorrect addresses is minimized. This results in fewer returned ballots, and less opportunity for confusion or misuse. It’s a proactive step to keep elections secure and responsive to current voter participation, while still protecting absentee voting access.""","Voter ID for ME","https://voteridforme.com/?fbclid=IwZXh0bgNhZW0CMTAAAR3Y-FkCMZIqkEeliqBXSGRF-or8O5bU2l6QjjL0twTUS6HsYOLbJ0-dkBM_aem_AYhPnJkpO_rJF3UiaJJdoDBGi7D5Sl_Cg8_9KIqZcUsGvPh-lEZay5QRIxFuvxUiPvyuEprasSi3vwImnDJMeIZJ#involved","2025-08-28"
"27525","Oppose","""Ageism and ableism walk hand in hand. There will be people who, a year after this passes, if it passes, will go to vote and they won’t be able, and then they’ll be really mad. Or they’ll request an absentee ballot and get denied and not understand how they’re going to be able to vote.""","Jess Maurer, executive director of the Maine Council on Aging","https://boltsmag.org/maine-question-1-in-november-2025-mail-voting/","2025-08-28"
"27525","Oppose","""Ageism and ableism walk hand in hand. There will be people who, a year after this passes, if it passes, will go to vote and they won’t be able, and then they’ll be really mad. Or they’ll request an absentee ballot and get denied and not understand how they’re going to be able to vote.""","Jess Maurer, executive director of the Maine Council on Aging","https://boltsmag.org/maine-question-1-in-november-2025-mail-voting/","2025-08-28"
"27525","Oppose","""Ageism and ableism walk hand in hand. There will be people who, a year after this passes, if it passes, will go to vote and they won’t be able, and then they’ll be really mad. Or they’ll request an absentee ballot and get denied and not understand how they’re going to be able to vote.""","Jess Maurer, executive director of the Maine Council on Aging","https://boltsmag.org/maine-question-1-in-november-2025-mail-voting/","2025-08-28"
"27525","Support","""The heart of this is that it’s future-looking. We’re not saying there’s an urgent problem now. We’re saying let’s build a secure system to prevent problems from occurring later. We’ve been saying that consistently for years.""","Voter ID for ME Campaign Manager Alex Titcomb","https://www.democracydocket.com/opinion/maine-republicans-are-asking-voters-to-restrict-their-own-rights/","2025-07-30"
"27525","Support","""The heart of this is that it’s future-looking. We’re not saying there’s an urgent problem now. We’re saying let’s build a secure system to prevent problems from occurring later. We’ve been saying that consistently for years.""","Voter ID for ME Campaign Manager Alex Titcomb","https://www.democracydocket.com/opinion/maine-republicans-are-asking-voters-to-restrict-their-own-rights/","2025-07-30"
"27525","Support","""The heart of this is that it’s future-looking. We’re not saying there’s an urgent problem now. We’re saying let’s build a secure system to prevent problems from occurring later. We’ve been saying that consistently for years.""","Voter ID for ME Campaign Manager Alex Titcomb","https://www.democracydocket.com/opinion/maine-republicans-are-asking-voters-to-restrict-their-own-rights/","2025-07-30"
"27525","Oppose","""Absentee voting is popular, safe, and secure. In the last election, 40% of voters used it. Absentee voting helps older Mainers, Mainers with disabilities, shift workers, working families, and thousands of other Mainers safely and securely cast their votes.""","Save Maine Absentee Voting Coalition leader Liz Wester","https://mainebeacon.com/maine-voter-suppression-referendum-to-appear-as-question-1-on-ballot/","2025-07-30"
"27525","Oppose","""Absentee voting is popular, safe, and secure. In the last election, 40% of voters used it. Absentee voting helps older Mainers, Mainers with disabilities, shift workers, working families, and thousands of other Mainers safely and securely cast their votes.""","Save Maine Absentee Voting Coalition leader Liz Wester","https://mainebeacon.com/maine-voter-suppression-referendum-to-appear-as-question-1-on-ballot/","2025-07-30"
"27525","Oppose","""Absentee voting is popular, safe, and secure. In the last election, 40% of voters used it. Absentee voting helps older Mainers, Mainers with disabilities, shift workers, working families, and thousands of other Mainers safely and securely cast their votes.""","Save Maine Absentee Voting Coalition leader Liz Wester","https://mainebeacon.com/maine-voter-suppression-referendum-to-appear-as-question-1-on-ballot/","2025-07-30"
